{"type":"FeatureCollection","features":[{"type":"Feature","geometry":{"type":"Polygon","coordinates":[[[-59.2342,-3.2396],[-59.3837,-3.181],[-59.3586,-3.153],[-59.391,-3.1631],[-59.4797,-3.1286],[-59.5456,-3.1215],[-59.6002,-3.0965],[-59.7002,-3.0609],[-59.7698,-3.0642],[-59.8596,-3.098],[-59.907,-3.1378],[-59.8927,-3.1774],[-59.9038,-3.2553],[-59.9448,-3.2842],[-60.0186,-3.2941],[-60.1192,-3.3416],[-60.1825,-3.3545],[-60.1854,-3.3586],[-60.0521,-3.3614],[-60.0277,-3.3798],[-59.9523,-3.3051],[-59.8786,-3.2983],[-59.8784,-3.344],[-59.8281,-3.3527],[-59.7514,-3.3361],[-59.7196,-3.356],[-59.6717,-3.3531],[-59.6973,-3.4415],[-59.7213,-3.4333],[-59.748,-3.4578],[-59.775,-3.4636],[-59.7383,-3.4718],[-59.7145,-3.4597],[-59.6262,-3.5003],[-59.588,-3.5446],[-59.5509,-3.5423],[-59.5415,-3.515],[-59.5097,-3.4927],[-59.4512,-3.4925],[-59.4137,-3.5045],[-59.3906,-3.4622],[-59.346,-3.4407],[-59.3262,-3.407],[-59.2493,-3.3721],[-59.2335,-3.3503],[-59.2342,-3.2396]]]},"properties":{"cd_geocmu":"1301159","nome":"Careiro da Várzea","uf":"AM","hc-key":"br-am-1301159"}},{"type":"Feature","geometry":{"type":"Polygon","coordinates":[[[-67.755,-2.9718],[-68.0447,-2.9743],[-68.0886,-2.9709],[-68.124,-2.948],[-68.1441,-2.965],[-68.1943,-2.9697],[-68.2075,-2.9419],[-68.2361,-2.9482],[-68.2532,-2.8988],[-68.3159,-2.9012],[-68.3785,-2.877],[-68.378,-2.8569],[-68.4145,-2.849],[-68.4717,-2.8523],[-68.4884,-2.8416],[-68.5784,-2.8506],[-68.603,-2.8391],[-68.6375,-2.7886],[-68.6895,-2.7684],[-68.703,-2.7338],[-68.7756,-2.782],[-68.8144,-2.7827],[-68.8403,-2.8058],[-68.8878,-2.7943],[-68.9348,-2.8021],[-68.957,-2.8161],[-68.9868,-2.7897],[-69.0127,-2.7855],[-69.0377,-2.8257],[-69.0666,-2.8381],[-69.0949,-2.7866],[-69.172,-2.7061],[-69.1835,-2.6429],[-69.2046,-2.6071],[-69.2392,-2.5935],[-69.3088,-2.6156],[-69.3458,-2.5515],[-69.3756,-2.5314],[-69.4419,-2.5312],[-69.4317,-2.4915],[-69.5068,-2.4494],[-69.6136,-2.4402],[-69.6911,-2.8716],[-69.7442,-3.1668],[-69.8376,-3.6866],[-69.7964,-3.7102],[-69.6938,-3.7258],[-69.6382,-3.6895],[-69.6054,-3.6328],[-69.5963,-3.6001],[-69.5554,-3.586],[-69.5226,-3.5991],[-69.4971,-3.5831],[-69.5069,-3.5537],[-69.491,-3.5044],[-69.4116,-3.4852],[-69.4013,-3.4681],[-69.3622,-3.4541],[-69.3309,-3.3963],[-69.3115,-3.4111],[-69.2463,-3.4035],[-69.2317,-3.3665],[-69.1875,-3.3357],[-69.1698,-3.288],[-69.103,-3.2938],[-69.0653,-3.3051],[-69.0305,-3.2747],[-68.9989,-3.2291],[-68.9349,-3.2238],[-68.9099,-3.2073],[-68.8727,-3.2174],[-68.8538,-3.1875],[-68.7987,-3.1732],[-68.7818,-3.1935],[-68.7409,-3.1671],[-68.7053,-3.203],[-68.7047,-3.2316],[-68.6325,-3.2302],[-68.5934,-3.1827],[-68.565,-3.1799],[-68.5346,-3.1975],[-68.5114,-3.1755],[-68.4608,-3.1815],[-68.428,-3.1535],[-68.4198,-3.0939],[-68.3912,-3.0888],[-68.2854,-3.1031],[-68.2486,-3.1273],[-68.2421,-3.0871],[-68.1797,-3.0648],[-68.1777,-3.112],[-68.1417,-3.1315],[-68.1113,-3.1133],[-68.0961,-3.1405],[-68.0667,-3.118],[-68.043,-3.1613],[-67.9864,-3.1362],[-67.9552,-3.1603],[-67.9206,-3.2454],[-67.9428,-3.3296],[-67.834,-3.3344],[-67.8312,-3.2566],[-67.7918,-3.1451],[-67.7892,-3.1113],[-67.7662,-2.9972],[-67.755,-2.9718]]]},"properties":{"cd_geocmu":"1303700","nome":"Santo Antônio do Içá","uf":"AM","hc-key":"br-am-1303700"}},{"type":"Feature","geometry":{"type":"Polygon","coordinates":[[[-67.326,-9.5923],[-67.2836,-9.5125],[-67.2949,-9.4432],[-67.2765,-9.3898],[-67.2775,-9.3347],[-67.3127,-9.3159],[-67.2859,-9.251],[-67.2913,-9.2145],[-67.2815,-9.1866],[-67.2948,-9.1645],[-67.286,-9.133],[-67.2576,-9.1138],[-67.2396,-9.0621],[-67.2077,-9.0615],[-67.1975,-9.0299],[-67.1707,-9.017],[-67.1989,-8.9842],[-67.1399,-8.972],[-67.1293,-8.95],[-67.0965,-8.9381],[-67.0821,-8.884],[-67.1054,-8.8373],[-67.086,-8.8041],[-67.1425,-8.7328],[-67.1431,-8.7008],[-67.1129,-8.6455],[-67.0876,-8.6372],[-67.0981,-8.5836],[-67.0608,-8.5474],[-67.0578,-8.5052],[-67.4138,-8.5076],[-67.4223,-8.5394],[-67.4578,-8.5457],[-67.5197,-8.57],[-67.5383,-8.5469],[-67.589,-8.5292],[-67.6151,-8.4817],[-67.6566,-8.4806],[-67.6801,-8.4478],[-67.7498,-8.431],[-67.7896,-8.3878],[-67.8366,-8.3701],[-67.8695,-8.3735],[-67.9051,-8.3492],[-67.9357,-8.2819],[-67.9296,-8.2672],[-67.9768,-8.2344],[-67.9804,-8.1982],[-68.0651,-8.1574],[-68.0873,-8.1315],[-68.1237,-8.1233],[-68.1613,-8.1395],[-68.1793,-8.0933],[-68.202,-8.0815],[-68.2966,-8.0924],[-68.3415,-8.0744],[-68.3686,-8.0835],[-68.4091,-8.0615],[-68.4633,-8.045],[-68.48,-8.0635],[-68.5121,-8.064],[-68.5779,-8.0898],[-68.6477,-8.0669],[-68.6985,-8.0714],[-68.7888,-8.1064],[-68.8171,-8.1458],[-68.8406,-8.1463],[-68.8726,-8.1706],[-68.8615,-8.1953],[-68.8734,-8.2424],[-68.8528,-8.2766],[-68.8635,-8.3296],[-68.8548,-8.3493],[-68.9151,-8.3949],[-68.9117,-8.4413],[-68.947,-8.5074],[-69.0053,-8.5378],[-69.0241,-8.5755],[-69.0722,-8.5729],[-69.099,-8.5493],[-69.1669,-8.5849],[-69.213,-8.5644],[-68.9213,-8.8143],[-68.6472,-9.0494],[-68.2199,-9.2428],[-67.9772,-9.3526],[-67.9768,-9.3527],[-67.5169,-9.5609],[-67.326,-9.5923]]]},"properties":{"cd_geocmu":"1300706","nome":"Boca do Acre","uf":"AM","hc-key":"br-am-1300706"}},{"type":"Feature","geometry":{"type":"Polygon","coordinates":[[[-68.703,-2.7338],[-68.6895,-2.7684],[-68.6375,-2.7886],[-68.603,-2.8391],[-68.5784,-2.8506],[-68.4884,-2.8416],[-68.4717,-2.8523],[-68.4145,-2.849],[-68.378,-2.8569],[-68.3785,-2.877],[-68.3159,-2.9012],[-68.2532,-2.8988],[-68.2361,-2.9482],[-68.2075,-2.9419],[-68.1943,-2.9697],[-68.1441,-2.965],[-68.124,-2.948],[-68.0886,-2.9709],[-68.0447,-2.9743],[-67.755,-2.9718],[-67.7428,-2.9337],[-67.7108,-2.9039],[-67.6625,-2.8954],[-67.6064,-2.9425],[-67.5764,-2.9185],[-67.5616,-2.8905],[-67.4619,-2.869],[-67.44,-2.8916],[-67.3834,-2.8784],[-67.3513,-2.8792],[-67.3407,-2.8595],[-67.291,-2.8834],[-67.2911,-2.5423],[-67.2553,-2.5581],[-67.2368,-2.6395],[-67.215,-2.6836],[-67.1618,-2.6796],[-67.1306,-2.6237],[-67.2009,-2.5979],[-67.2178,-2.5142],[-67.2458,-2.4757],[-67.1932,-2.4079],[-67.1702,-2.3927],[-67.2195,-2.3164],[-67.2736,-2.3039],[-67.2427,-2.2658],[-67.2423,-2.2401],[-67.2704,-2.2311],[-67.3093,-2.1731],[-67.3462,-2.2334],[-67.3382,-2.2574],[-67.4651,-2.3378],[-67.4897,-2.3454],[-67.559,-2.3927],[-67.5717,-2.4748],[-67.6313,-2.4936],[-67.6411,-2.5612],[-67.6686,-2.5859],[-67.7435,-2.6331],[-67.7358,-2.6576],[-67.7568,-2.7096],[-67.7965,-2.7082],[-67.8239,-2.733],[-67.897,-2.6899],[-67.9276,-2.6879],[-67.9513,-2.6682],[-67.969,-2.6892],[-68.0151,-2.6645],[-68.056,-2.609],[-68.0587,-2.5539],[-68.0897,-2.5609],[-68.1094,-2.543],[-68.174,-2.5542],[-68.214,-2.5717],[-68.2448,-2.542],[-68.3083,-2.5301],[-68.3382,-2.5961],[-68.3574,-2.6162],[-68.4027,-2.6196],[-68.492,-2.5933],[-68.5459,-2.6092],[-68.5627,-2.656],[-68.6126,-2.6467],[-68.6534,-2.7119],[-68.703,-2.7338]]]},"properties":{"cd_geocmu":"1304237","nome":"Tonantins","uf":"AM","hc-key":"br-am-1304237"}},{"type":"Feature","geometry":{"type":"Polygon","coordinates":[[[-64.5145,-3.3386],[-64.5149,-3.336],[-64.5439,-3.3118],[-64.6206,-3.2887],[-64.6746,-3.2637],[-64.7223,-3.2931],[-64.7785,-3.3099],[-64.8453,-3.378],[-64.8859,-3.3927],[-64.8928,-3.4246],[-64.9492,-3.4907],[-64.9808,-3.5064],[-64.9623,-3.5369],[-64.9913,-3.5873],[-64.9719,-3.6228],[-65.0142,-3.6559],[-65.0274,-3.6813],[-65.0301,-3.7273],[-65.0203,-3.7851],[-65.0728,-3.7876],[-65.1031,-3.8123],[-65.1285,-3.8562],[-65.1697,-3.9085],[-65.2497,-3.9456],[-65.2778,-3.9503],[-65.3519,-3.986],[-65.4025,-4.0231],[-65.4811,-4.0525],[-65.5169,-4.0881],[-65.5477,-4.0932],[-65.6663,-4.1392],[-65.6674,-4.1526],[-65.7679,-4.2155],[-65.8081,-4.2176],[-65.8459,-4.2492],[-65.8727,-4.2526],[-65.9089,-4.2927],[-65.9502,-4.2946],[-66.0594,-4.4009],[-66.1005,-4.3955],[-66.1508,-4.4249],[-66.1533,-4.4442],[-66.2105,-4.4924],[-66.2063,-4.5711],[-66.1958,-4.6035],[-66.1997,-4.6389],[-66.2385,-4.6682],[-66.2548,-4.7685],[-66.3047,-4.7845],[-66.3632,-4.828],[-66.3875,-4.8243],[-66.4179,-4.8619],[-66.4607,-4.8921],[-66.4726,-4.915],[-66.5291,-4.9508],[-66.5483,-4.9893],[-66.58,-5.0283],[-66.6047,-5.0735],[-66.6257,-5.0856],[-66.6571,-5.0691],[-66.7166,-5.0558],[-66.7698,-5.0845],[-66.7909,-5.1522],[-66.8156,-5.1621],[-66.8391,-5.1936],[-66.8847,-5.219],[-66.9096,-5.2637],[-66.9384,-5.2775],[-66.9334,-5.3197],[-66.9541,-5.3331],[-66.9736,-5.3925],[-66.9582,-5.4199],[-66.9034,-5.4525],[-66.9032,-5.4969],[-66.8576,-5.52],[-66.8098,-5.5306],[-66.7857,-5.5472],[-66.715,-5.5458],[-66.6853,-5.5594],[-66.6696,-5.5294],[-66.6305,-5.4872],[-66.584,-5.4669],[-66.5648,-5.3936],[-66.5178,-5.4448],[-66.4949,-5.4335],[-66.4285,-5.4321],[-66.389,-5.4142],[-66.3522,-5.382],[-66.3369,-5.3859],[-66.2943,-5.3602],[-66.2686,-5.3566],[-66.1578,-5.3699],[-66.1441,-5.3905],[-66.1161,-5.3701],[-66.0845,-5.3791],[-66.0748,-5.4185],[-65.9979,-5.417],[-65.9649,-5.3984],[-65.9006,-5.437],[-65.889,-5.3778],[-65.8532,-5.3237],[-65.8039,-5.2993],[-65.7702,-5.3066],[-65.7274,-5.2858],[-65.6908,-5.3108],[-65.6766,-5.2994],[-65.6785,-5.2612],[-65.7003,-5.1893],[-65.6501,-5.135],[-65.6599,-5.1067],[-65.6978,-5.1054],[-65.6863,-5.0448],[-65.623,-5.0238],[-65.571,-4.9442],[-65.5747,-4.8844],[-65.542,-4.8551],[-65.5164,-4.8158],[-65.463,-4.7622],[-65.4466,-4.6803],[-65.3818,-4.6537],[-65.364,-4.61],[-65.3189,-4.6228],[-65.2575,-4.6202],[-65.1232,-4.5169],[-65.0921,-4.4551],[-65.0475,-4.4442],[-65.018,-4.4136],[-65.0155,-4.3618],[-65.0033,-4.3104],[-64.9794,-4.2835],[-64.9455,-4.2981],[-64.8903,-4.2829],[-64.864,-4.2893],[-64.8146,-4.2671],[-64.777,-4.2067],[-64.7315,-4.1959],[-64.718,-4.1426],[-64.6961,-4.1167],[-64.66,-4.1284],[-64.6113,-4.0652],[-64.5671,-4.0332],[-64.5648,-3.9901],[-64.5259,-3.9594],[-64.4842,-3.9676],[-64.4392,-3.9876],[-64.3803,-3.9667],[-64.3527,-3.976],[-64.2885,-3.9464],[-64.2509,-3.8879],[-64.237,-3.8936],[-64.1666,-3.8655],[-64.1599,-3.8116],[-64.111,-3.7598],[-64.0765,-3.7674],[-64.0716,-3.7043],[-64.1296,-3.6877],[-64.1774,-3.6626],[-64.2158,-3.6246],[-64.2573,-3.5967],[-64.2614,-3.5936],[-64.355,-3.5368],[-64.3871,-3.5034],[-64.4441,-3.4635],[-64.4629,-3.4139],[-64.5145,-3.3386]]]},"properties":{"cd_geocmu":"1304203","nome":"Tefé","uf":"AM","hc-key":"br-am-1304203"}},{"type":"Feature","geometry":{"type":"Polygon","coordinates":[[[-65.8702,-4.1329],[-65.8424,-4.0784],[-65.8422,-4.0532],[-65.8634,-3.9976],[-65.8555,-3.9579],[-65.7974,-3.8816],[-65.784,-3.8378],[-65.7241,-3.8075],[-65.7074,-3.7381],[-65.6587,-3.6926],[-65.6557,-3.6385],[-65.6296,-3.6203],[-65.5512,-3.6275],[-65.5026,-3.5811],[-65.4745,-3.6004],[-65.4261,-3.5757],[-65.3756,-3.5071],[-65.3322,-3.4891],[-65.2949,-3.4845],[-65.25,-3.4655],[-65.2075,-3.461],[-65.1666,-3.4269],[-65.1574,-3.3894],[-65.1321,-3.3872],[-65.0677,-3.3021],[-65.0523,-3.2478],[-65.0478,-3.1942],[-64.9748,-3.0935],[-64.9741,-3.0577],[-64.9453,-3.0605],[-64.8966,-3.0975],[-64.8666,-3.0969],[-64.826,-3.1122],[-64.785,-3.1588],[-64.7825,-3.1384],[-64.719,-3.1195],[-64.735,-3.0846],[-64.758,-3.0753],[-64.8038,-3.0146],[-64.8106,-2.9472],[-64.8925,-2.875],[-64.8771,-2.8125],[-64.8664,-2.7354],[-64.8881,-2.7122],[-64.9813,-2.7228],[-65.0036,-2.7032],[-64.9808,-2.5956],[-64.9981,-2.5603],[-65.0558,-2.507],[-65.1164,-2.395],[-65.139,-2.3374],[-65.1884,-2.3158],[-65.1932,-2.2836],[-65.2195,-2.2906],[-65.2125,-2.3595],[-65.2295,-2.388],[-65.2554,-2.3826],[-65.32,-2.3615],[-65.353,-2.3631],[-65.3849,-2.3827],[-65.3094,-2.4103],[-65.3096,-2.4315],[-65.3402,-2.4738],[-65.3146,-2.4767],[-65.2565,-2.564],[-65.2619,-2.6067],[-65.3131,-2.6385],[-65.36,-2.6481],[-65.3862,-2.6873],[-65.377,-2.7178],[-65.3384,-2.774],[-65.3461,-2.8199],[-65.3812,-2.8541],[-65.4267,-2.8734],[-65.4493,-2.8553],[-65.4972,-2.8589],[-65.5316,-2.8839],[-65.5598,-2.8885],[-65.5892,-2.8716],[-65.6148,-2.9288],[-65.6575,-2.9541],[-65.7073,-3.0516],[-65.7319,-3.0763],[-65.7523,-3.1563],[-65.8023,-3.1838],[-65.8395,-3.2675],[-65.869,-3.3042],[-65.8707,-3.3406],[-65.9184,-3.3893],[-65.9425,-3.4618],[-65.9781,-3.4873],[-65.9923,-3.6345],[-65.9852,-3.6847],[-65.9915,-3.7281],[-65.9615,-3.7311],[-65.9495,-3.7518],[-65.9799,-3.7858],[-65.9867,-3.8583],[-65.981,-3.9027],[-65.9483,-3.9578],[-65.9551,-3.9988],[-65.9209,-4.0346],[-65.8702,-4.1329]]]},"properties":{"cd_geocmu":"1304260","nome":"Uarini","uf":"AM","hc-key":"br-am-1304260"}},{"type":"Feature","geometry":{"type":"Polygon","coordinates":[[[-72.9003,-7.4377],[-72.5848,-7.552],[-72.1695,-7.6006],[-72.1748,-7.5125],[-72.1426,-7.4854],[-72.1457,-7.4015],[-72.154,-7.3451],[-72.1707,-7.3186],[-72.1282,-7.2759],[-72.0763,-7.2641],[-72.0507,-7.1985],[-72.0519,-7.1029],[-72.09,-7.1265],[-72.1835,-7.1332],[-72.2155,-7.1809],[-72.2403,-7.1913],[-72.2904,-7.1801],[-72.3233,-7.2074],[-72.3873,-7.2045],[-72.3936,-7.1675],[-72.4328,-7.1125],[-72.5332,-7.1322],[-72.5695,-7.1138],[-72.615,-7.1117],[-72.6323,-7.0977],[-72.6985,-7.0099],[-72.697,-6.9609],[-72.6636,-6.9505],[-72.6852,-6.9044],[-72.7177,-6.9051],[-72.7622,-6.938],[-72.7849,-6.9723],[-72.8202,-6.9797],[-72.8511,-7.0],[-72.9075,-6.9973],[-72.9754,-7.0254],[-73.0101,-7.0283],[-73.1222,-6.9776],[-73.1404,-6.9461],[-73.1932,-6.9183],[-73.2602,-6.9206],[-73.2983,-6.943],[-73.3594,-6.9494],[-73.4448,-6.9456],[-73.4536,-6.929],[-73.5064,-6.9266],[-73.5357,-6.9422],[-73.5681,-6.9302],[-73.6279,-6.9366],[-73.6805,-6.9539],[-73.6662,-7.0007],[-73.7088,-7.0412],[-73.7382,-7.1347],[-73.293,-7.2956],[-72.9003,-7.4377]]]},"properties":{"cd_geocmu":"1301654","nome":"Guajará","uf":"AM","hc-key":"br-am-1301654"}},{"type":"Feature","geometry":{"type":"Polygon","coordinates":[[[-58.9172,-3.5476],[-58.8914,-3.4978],[-58.8329,-3.4486],[-58.8004,-3.4448],[-58.7844,-3.3796],[-58.8257,-3.4011],[-58.8499,-3.4007],[-58.9064,-3.3588],[-58.9398,-3.3115],[-58.9407,-3.2952],[-58.9754,-3.2575],[-59.0104,-3.2441],[-59.1221,-3.2831],[-59.152,-3.2799],[-59.2342,-3.2396],[-59.2335,-3.3503],[-59.2493,-3.3721],[-59.3262,-3.407],[-59.346,-3.4407],[-59.3906,-3.4622],[-59.4137,-3.5045],[-59.4512,-3.4925],[-59.5097,-3.4927],[-59.5415,-3.515],[-59.5509,-3.5423],[-59.588,-3.5446],[-59.6262,-3.5003],[-59.7145,-3.4597],[-59.7383,-3.4718],[-59.775,-3.4636],[-59.7872,-3.5004],[-59.8111,-3.6955],[-59.8335,-3.7519],[-59.828,-3.8384],[-59.8552,-3.8658],[-59.8693,-3.9059],[-59.8885,-3.9104],[-59.9205,-3.9883],[-59.9526,-3.9627],[-60.0642,-3.9615],[-60.0848,-4.0021],[-60.1043,-3.9991],[-60.1192,-4.0613],[-60.1165,-4.099],[-60.0999,-4.1518],[-60.1313,-4.1928],[-60.1731,-4.1373],[-60.1998,-4.1499],[-60.287,-4.1645],[-60.267,-4.2093],[-60.2761,-4.235],[-60.2293,-4.2757],[-60.1841,-4.2945],[-60.1707,-4.3329],[-60.1255,-4.337],[-60.1299,-4.3866],[-60.0506,-4.4143],[-59.954,-4.3885],[-59.9489,-4.3618],[-59.9679,-4.3398],[-59.9697,-4.3104],[-59.9889,-4.2637],[-59.9391,-4.2465],[-59.9289,-4.2128],[-59.6944,-4.2122],[-59.6754,-4.1887],[-59.6202,-4.1986],[-59.5861,-4.1408],[-59.5875,-4.0768],[-59.5587,-4.0214],[-59.5575,-3.9827],[-59.5278,-3.9556],[-59.5259,-3.9258],[-59.5004,-3.9192],[-59.2082,-3.9201],[-59.1729,-3.8898],[-59.105,-3.8756],[-59.0903,-3.8651],[-59.0533,-3.8065],[-59.0602,-3.7557],[-59.0996,-3.7021],[-59.0933,-3.6825],[-59.0048,-3.6097],[-58.9854,-3.6073],[-58.9172,-3.5476]]]},"properties":{"cd_geocmu":"1300300","nome":"Autazes","uf":"AM","hc-key":"br-am-1300300"}},{"type":"Feature","geometry":{"type":"Polygon","coordinates":[[[-67.6495,-1.5121],[-67.7114,-1.5279],[-67.7448,-1.522],[-67.8005,-1.4867],[-67.8317,-1.4819],[-67.9046,-1.5174],[-67.9341,-1.5126],[-67.9626,-1.4903],[-68.0353,-1.4746],[-68.0889,-1.4988],[-68.1272,-1.4997],[-68.1607,-1.4834],[-68.1611,-0.9991],[-68.1651,-0.6711],[-68.2243,-0.661],[-68.2874,-0.6798],[-68.3576,-0.7291],[-68.4046,-0.735],[-68.4258,-0.7571],[-68.5039,-0.7573],[-68.5954,-0.7241],[-68.6208,-0.6981],[-68.6231,-0.6688],[-68.6681,-0.619],[-68.6974,-0.5711],[-68.7802,-0.5499],[-68.9201,-0.4846],[-68.962,-0.4775],[-69.0141,-0.485],[-69.0326,-0.5031],[-69.0635,-0.4997],[-69.1047,-0.5158],[-69.1175,-0.534],[-69.1586,-0.5385],[-69.219,-0.5115],[-69.2699,-0.5214],[-69.3094,-0.4895],[-69.354,-0.4772],[-69.3744,-0.4387],[-69.4089,-0.4069],[-69.4858,-0.401],[-69.4877,-0.3715],[-69.5432,-0.3382],[-69.5751,-0.3343],[-69.6039,-0.3105],[-69.6042,-0.2209],[-69.6769,-0.1676],[-69.7345,-0.1678],[-69.7564,-0.1484],[-69.7577,-0.0986],[-69.798,-0.0813],[-69.8126,-0.1184],[-69.8481,-0.1232],[-69.8835,-0.1434],[-69.9063,-0.1084],[-69.9419,-0.0854],[-69.9519,-0.0206],[-69.9845,-0.0057],[-69.9876,0.0461],[-69.9983,0.0594],[-70.0471,0.0683],[-70.0489,-0.1423],[-70.065,-0.1639],[-70.0546,-0.1883],[-70,-0.2221],[-69.9709,-0.2675],[-69.9515,-0.2787],[-69.9202,-0.3256],[-69.8874,-0.3398],[-69.8448,-0.3371],[-69.8275,-0.3736],[-69.7739,-0.391],[-69.7188,-0.4489],[-69.6551,-0.4716],[-69.6121,-0.4996],[-69.614,-0.5284],[-69.5923,-0.5573],[-69.5984,-0.596],[-69.5734,-0.6177],[-69.5759,-0.6665],[-69.6183,-0.7313],[-69.6122,-0.7646],[-69.5743,-0.8096],[-69.5729,-0.8387],[-69.5341,-0.8633],[-69.5223,-0.8857],[-69.527,-0.9257],[-69.4845,-0.9484],[-69.4371,-0.9915],[-69.4222,-1.0482],[-69.4271,-1.0748],[-69.4002,-1.1104],[-69.4309,-1.2269],[-69.4101,-1.2784],[-69.3985,-1.3649],[-69.4362,-1.4035],[-69.433,-1.4528],[-69.457,-1.4916],[-69.4517,-1.5389],[-69.5346,-2.0006],[-69.6136,-2.4402],[-69.5068,-2.4494],[-69.4317,-2.4915],[-69.4419,-2.5312],[-69.3756,-2.5314],[-69.3458,-2.5515],[-69.3088,-2.6156],[-69.2392,-2.5935],[-69.2046,-2.6071],[-69.1835,-2.6429],[-69.172,-2.7061],[-69.0949,-2.7866],[-69.0666,-2.8381],[-69.0377,-2.8257],[-69.0127,-2.7855],[-68.9868,-2.7897],[-68.957,-2.8161],[-68.9348,-2.8021],[-68.8878,-2.7943],[-68.8403,-2.8058],[-68.8144,-2.7827],[-68.7756,-2.782],[-68.703,-2.7338],[-68.6534,-2.7119],[-68.6126,-2.6467],[-68.5627,-2.656],[-68.5459,-2.6092],[-68.492,-2.5933],[-68.4027,-2.6196],[-68.3574,-2.6162],[-68.3382,-2.5961],[-68.3083,-2.5301],[-68.2448,-2.542],[-68.214,-2.5717],[-68.174,-2.5542],[-68.1094,-2.543],[-68.0897,-2.5609],[-68.0587,-2.5539],[-68.056,-2.609],[-68.0151,-2.6645],[-67.969,-2.6892],[-67.9513,-2.6682],[-67.9276,-2.6879],[-67.897,-2.6899],[-67.8239,-2.733],[-67.7965,-2.7082],[-67.7568,-2.7096],[-67.7358,-2.6576],[-67.7435,-2.6331],[-67.6686,-2.5859],[-67.6411,-2.5612],[-67.6313,-2.4936],[-67.5717,-2.4748],[-67.559,-2.3927],[-67.4897,-2.3454],[-67.4651,-2.3378],[-67.3382,-2.2574],[-67.3462,-2.2334],[-67.3093,-2.1731],[-67.2094,-2.222],[-67.2041,-2.2459],[-67.1326,-2.2475],[-67.0785,-2.2741],[-67.0411,-2.2568],[-66.969,-2.2513],[-66.9218,-2.2295],[-66.8575,-2.2202],[-66.8257,-2.2005],[-66.7858,-2.1957],[-66.7788,-2.1537],[-66.7142,-2.1658],[-66.6723,-2.1507],[-66.6212,-2.151],[-66.5998,-2.1178],[-66.5585,-2.1079],[-66.5292,-2.0643],[-66.5387,-2.0245],[-66.5189,-1.9795],[-66.4601,-1.9344],[-66.4262,-1.9402],[-66.405,-1.9959],[-66.3575,-2.0439],[-66.323,-2.0565],[-66.3052,-2.0298],[-66.2569,-2.0263],[-66.1766,-1.9863],[-66.1619,-2.0013],[-66.1696,-2.0642],[-66.0904,-2.0783],[-66.0565,-2.0739],[-66.0395,-2.0872],[-66.0182,-2.1415],[-66.0014,-2.1448],[-66.0014,-1.7031],[-66.0016,-1.4137],[-66.0975,-1.4231],[-66.1485,-1.4418],[-66.1928,-1.4724],[-66.2415,-1.492],[-66.2881,-1.5485],[-66.3168,-1.5692],[-66.3457,-1.5633],[-66.3721,-1.5333],[-66.3638,-1.485],[-66.387,-1.4694],[-66.4532,-1.4787],[-66.4784,-1.5063],[-66.5223,-1.5308],[-66.5518,-1.5364],[-66.6302,-1.5713],[-66.6575,-1.6014],[-66.7052,-1.6239],[-66.738,-1.6241],[-66.7753,-1.6017],[-66.8185,-1.5989],[-66.8527,-1.6078],[-66.9186,-1.6102],[-66.9732,-1.5909],[-67.0062,-1.5946],[-67.0498,-1.5817],[-67.1101,-1.5821],[-67.1515,-1.6043],[-67.2148,-1.6089],[-67.2543,-1.62],[-67.2863,-1.6096],[-67.3439,-1.6184],[-67.3694,-1.6318],[-67.3939,-1.6653],[-67.4389,-1.6407],[-67.4892,-1.6522],[-67.5267,-1.6509],[-67.6086,-1.6122],[-67.6167,-1.5666],[-67.6495,-1.5121]]]},"properties":{"cd_geocmu":"1302108","nome":"Japurá","uf":"AM","hc-key":"br-am-1302108"}},{"type":"Feature","geometry":{"type":"Polygon","coordinates":[[[-57.429,-2.5898],[-57.4111,-2.622],[-57.3829,-2.6402],[-57.303,-2.6329],[-57.2639,-2.6764],[-57.2237,-2.6935],[-57.1974,-2.6814],[-57.1782,-2.7213],[-57.1396,-2.7163],[-57.0958,-2.7282],[-57.0316,-2.7073],[-57.0234,-2.692],[-56.9845,-2.6884],[-56.9415,-2.6662],[-56.9119,-2.6777],[-56.9443,-2.7514],[-56.9011,-2.7745],[-56.8507,-2.744],[-56.8246,-2.7644],[-56.8005,-2.7375],[-56.7542,-2.7245],[-56.7505,-2.7489],[-56.7889,-2.7537],[-56.811,-2.7835],[-56.8358,-2.8541],[-56.8336,-2.878],[-56.8548,-2.9155],[-56.9176,-2.8943],[-56.9678,-2.9062],[-57.0164,-2.9326],[-57.0307,-3.0139],[-56.9988,-3.0328],[-56.9961,-3.0724],[-57.021,-3.1389],[-57.0476,-3.1786],[-57.0456,-3.209],[-56.9823,-3.2169],[-56.9436,-3.2302],[-56.9379,-3.2691],[-56.8871,-3.3013],[-56.852,-3.301],[-56.8101,-3.333],[-56.7679,-3.2429],[-56.6098,-2.8963],[-56.4263,-2.5016],[-56.4021,-2.4565],[-56.4645,-2.4316],[-56.4256,-2.3692],[-56.4128,-2.3217],[-56.3892,-2.2785],[-56.4505,-2.2787],[-56.515,-2.2422],[-56.5402,-2.2617],[-56.5339,-2.2855],[-56.5906,-2.325],[-56.618,-2.3183],[-56.6433,-2.357],[-56.6892,-2.379],[-56.7173,-2.3719],[-56.7776,-2.3839],[-56.7712,-2.4191],[-56.8214,-2.4071],[-56.8816,-2.4037],[-56.8892,-2.4261],[-56.9275,-2.4124],[-56.9536,-2.3672],[-56.9694,-2.3808],[-57.0364,-2.3791],[-57.0504,-2.3617],[-57.1033,-2.334],[-57.172,-2.3319],[-57.2178,-2.3917],[-57.2634,-2.3498],[-57.4062,-2.3807],[-57.3533,-2.4163],[-57.3304,-2.4578],[-57.2892,-2.4892],[-57.3171,-2.5086],[-57.429,-2.5898]]]},"properties":{"cd_geocmu":"1303403","nome":"Parintins","uf":"AM","hc-key":"br-am-1303403"}},{"type":"Feature","geometry":{"type":"Polygon","coordinates":[[[-63.6212,-7.9765],[-63.1184,-7.9771],[-62.8666,-7.9759],[-62.8328,-7.9944],[-62.81,-8.0253],[-62.744,-8.0453],[-62.6923,-8.0929],[-62.673,-8.1453],[-62.6867,-8.1738],[-62.6599,-8.1996],[-62.655,-8.2291],[-62.6001,-8.2722],[-62.5854,-8.2719],[-62.5396,-8.3581],[-62.5185,-8.3847],[-62.4655,-8.3397],[-62.4246,-8.375],[-62.384,-8.3776],[-62.3608,-8.3985],[-62.3693,-8.4461],[-62.3661,-8.4936],[-62.3374,-8.5166],[-62.3258,-8.5637],[-62.3358,-8.6095],[-62.2943,-8.6054],[-62.2689,-8.5758],[-62.1837,-8.599],[-62.1747,-8.6282],[-62.2005,-8.6443],[-62.1651,-8.6794],[-62.1488,-8.7183],[-62.155,-8.7396],[-62.125,-8.8017],[-62.0311,-8.7997],[-61.9791,-8.8732],[-61.9381,-8.8814],[-61.903,-8.8629],[-61.9171,-8.8628],[-61.9469,-8.8146],[-61.9696,-8.7995],[-61.9957,-8.7472],[-61.9986,-8.6884],[-61.962,-8.6421],[-61.9774,-8.6202],[-61.9875,-8.5552],[-61.9696,-8.4716],[-61.9809,-8.4551],[-61.9084,-8.3447],[-61.923,-8.2743],[-61.9144,-8.1943],[-61.9407,-8.1432],[-61.9443,-8.1085],[-61.9791,-8.0548],[-62.0099,-8.0269],[-62.059,-8.0033],[-62.0318,-7.9088],[-61.9986,-7.8817],[-61.9752,-7.8819],[-61.9626,-7.8436],[-61.9293,-7.8385],[-61.9208,-7.8104],[-61.8697,-7.7547],[-61.8513,-7.7594],[-61.8181,-7.6525],[-61.8466,-7.6404],[-61.8546,-7.586],[-61.8793,-7.5433],[-61.8418,-7.4837],[-61.8235,-7.4268],[-61.856,-7.3929],[-61.8369,-7.3465],[-61.8475,-7.3221],[-61.8878,-7.3152],[-61.9002,-7.289],[-61.9606,-7.2925],[-61.9947,-7.2427],[-62.0272,-7.2223],[-61.9561,-7.1625],[-61.9149,-7.0915],[-61.9185,-7.0634],[-61.8435,-7.0307],[-61.8533,-6.9818],[-61.8008,-6.9452],[-61.777,-6.9134],[-61.7758,-6.8759],[-61.7325,-6.8749],[-61.7141,-6.8519],[-61.7123,-6.8027],[-61.6745,-6.7723],[-61.6767,-6.7018],[-61.6914,-6.6664],[-61.6884,-6.6248],[-61.6616,-6.5857],[-61.6858,-6.541],[-61.6926,-6.4988],[-61.7481,-6.4744],[-61.6993,-6.4172],[-61.7306,-6.4061],[-61.7836,-6.4275],[-61.8059,-6.3728],[-61.8052,-6.3408],[-61.8433,-6.2873],[-61.8371,-6.2688],[-61.7414,-6.2542],[-61.7447,-6.2245],[-61.774,-6.1762],[-61.807,-6.1442],[-61.8222,-6.1545],[-61.8259,-6.2151],[-61.8546,-6.2586],[-61.9055,-6.2532],[-61.9653,-6.2605],[-62.0852,-6.225],[-62.1222,-6.1939],[-62.1513,-6.19],[-62.2257,-6.2216],[-62.2652,-6.2512],[-62.272,-6.3075],[-62.2885,-6.3348],[-62.3464,-6.323],[-62.3832,-6.3258],[-62.401,-6.3476],[-62.4428,-6.3558],[-62.486,-6.3812],[-62.5049,-6.4147],[-62.5378,-6.412],[-62.5577,-6.3817],[-62.6057,-6.436],[-62.636,-6.4562],[-62.6867,-6.4511],[-62.7233,-6.4185],[-62.8041,-6.4149],[-62.8348,-6.4324],[-62.8636,-6.4299],[-62.8949,-6.4865],[-62.9442,-6.5532],[-62.9702,-6.6881],[-63.0103,-6.7833],[-63.0498,-6.8445],[-63.165,-6.846],[-63.1476,-6.9188],[-63.1544,-6.9385],[-63.1311,-6.961],[-63.1685,-7.0122],[-63.2147,-7.0271],[-63.2186,-7.0671],[-63.2975,-7.0958],[-63.3144,-7.1404],[-63.3206,-7.2053],[-63.2805,-7.2471],[-63.303,-7.2823],[-63.2888,-7.3312],[-63.2515,-7.3589],[-63.2476,-7.3927],[-63.2658,-7.4066],[-63.3362,-7.403],[-63.3291,-7.4355],[-63.3083,-7.4414],[-63.318,-7.4764],[-63.345,-7.5204],[-63.3742,-7.5287],[-63.4029,-7.5889],[-63.4226,-7.5968],[-63.4193,-7.6294],[-63.3958,-7.6357],[-63.3798,-7.6625],[-63.4099,-7.7383],[-63.4699,-7.7482],[-63.5267,-7.794],[-63.5575,-7.8401],[-63.6042,-7.8486],[-63.6346,-7.8739],[-63.6203,-7.8942],[-63.6212,-7.9765]]]},"properties":{"cd_geocmu":"1301704","nome":"Humaitá","uf":"AM","hc-key":"br-am-1301704"}},{"type":"Feature","geometry":{"type":"Polygon","coordinates":[[[-61.8399,-1.4011],[-61.8966,-1.3954],[-61.9069,-1.3562],[-61.95,-1.297],[-61.9669,-1.2429],[-62.0175,-1.1417],[-62.0622,-1.0998],[-62.0997,-1.0967],[-62.1719,-1.0059],[-62.2,-1.0004],[-62.2275,-0.9734],[-62.2591,-0.9759],[-62.2722,-0.952],[-62.3127,-0.9304],[-62.365,-0.8773],[-62.3761,-0.8365],[-62.4333,-0.804],[-62.4616,-0.8017],[-62.5011,-0.7815],[-62.495,-0.7506],[-62.5083,-0.7142],[-62.4866,-0.6815],[-62.4452,-0.686],[-62.3754,-0.7083],[-62.3516,-0.6734],[-62.308,-0.6577],[-62.2867,-0.6324],[-62.2906,-0.5985],[-62.3123,-0.5759],[-62.3072,-0.5081],[-62.2853,-0.493],[-62.2804,-0.4507],[-62.2328,-0.4245],[-62.1967,-0.3629],[-62.1886,-0.3223],[-62.2401,-0.3015],[-62.2534,-0.27],[-62.2416,-0.1705],[-62.2778,-0.1498],[-62.3198,-0.0963],[-62.3259,-0.0029],[-62.3697,0.0578],[-62.4093,0.0751],[-62.4281,0.1281],[-62.4241,0.1533],[-62.4527,0.2074],[-62.4666,0.268],[-62.4586,0.3135],[-62.4669,0.333],[-62.4464,0.3791],[-62.4586,0.4177],[-62.4852,0.4541],[-62.5187,0.4437],[-62.533,0.5088],[-62.5188,0.5938],[-62.5383,0.6752],[-62.5333,0.7013],[-62.5005,0.7479],[-62.463,0.7769],[-62.4661,0.8291],[-62.4847,0.876],[-62.4672,0.9238],[-62.4427,0.9585],[-62.4747,1.0163],[-62.4716,1.0863],[-62.5211,1.0838],[-62.5452,1.1208],[-62.5591,1.1877],[-62.5975,1.2902],[-62.6022,1.3258],[-62.6205,1.3627],[-62.6203,1.4038],[-62.64,1.4382],[-62.6769,1.4546],[-62.7308,1.4996],[-62.7363,1.5296],[-62.8053,1.5913],[-62.793,1.6353],[-62.7286,1.7],[-62.7224,1.7225],[-62.7311,1.8182],[-62.7042,1.8739],[-62.7033,1.9338],[-62.7296,1.9605],[-62.8132,1.9917],[-62.8386,2.0164],[-62.9485,2.031],[-63.0238,2.0147],[-63.0773,2.0461],[-63.1198,2.0965],[-63.1463,2.1733],[-63.1941,2.1812],[-63.2764,2.1544],[-63.3108,2.165],[-63.3717,2.2115],[-63.3852,2.2024],[-63.3958,2.1572],[-63.4201,2.1316],[-63.5112,2.1119],[-63.5348,2.1317],[-63.5942,2.1223],[-63.619,2.1039],[-63.6376,2.0695],[-63.6635,2.0589],[-63.6611,2.0227],[-63.7195,2.0369],[-63.74,2.0051],[-63.814,1.9888],[-63.848,1.9641],[-63.903,1.9933],[-63.9227,1.9821],[-63.9719,1.9913],[-64.0276,1.9434],[-64.0579,1.9291],[-64.0581,1.8789],[-64.0694,1.8526],[-64.0501,1.8265],[-64.0597,1.7807],[-64.0764,1.7511],[-64.0613,1.7011],[-64.0755,1.6502],[-64.1007,1.6086],[-64.1314,1.5763],[-64.1683,1.5796],[-64.1973,1.52],[-64.2632,1.4956],[-64.3015,1.4641],[-64.3277,1.4206],[-64.3258,1.3945],[-64.355,1.3796],[-64.3909,1.3885],[-64.4019,1.4112],[-64.3776,1.464],[-64.3479,1.4951],[-64.3467,1.5174],[-64.3941,1.5283],[-64.4357,1.4705],[-64.4665,1.4749],[-64.4847,1.4547],[-64.5553,1.4149],[-64.5894,1.336],[-64.6077,1.3383],[-64.6452,1.3008],[-64.701,1.2799],[-64.719,1.2412],[-64.7568,1.2279],[-64.7904,1.2735],[-64.8196,1.2947],[-64.8527,1.2297],[-64.8638,1.1932],[-64.82,1.1621],[-64.7997,1.1315],[-64.7552,1.0881],[-64.7304,1.0782],[-64.7003,1.0368],[-64.6239,1.0307],[-64.6071,0.9935],[-64.5874,0.9849],[-64.5694,0.9334],[-64.543,0.9043],[-64.5098,0.8965],[-64.4758,0.8638],[-64.448,0.8533],[-64.4411,0.8054],[-64.3966,0.7938],[-64.355,0.7357],[-64.2671,0.707],[-64.2025,0.6535],[-64.1644,0.664],[-64.1466,0.6274],[-64.0841,0.5818],[-64.0745,0.5335],[-64.0555,0.4937],[-64.049,0.405],[-64.0392,0.3695],[-64.0146,0.3515],[-64.0084,0.3233],[-64.015,0.2607],[-63.9876,0.2222],[-63.9948,0.1956],[-63.9662,0.165],[-63.9659,0.1175],[-63.985,0.1092],[-63.9859,-0.0008],[-64.0007,-0.0099],[-64.0148,-0.0666],[-64.0656,-0.134],[-64.1195,-0.1553],[-64.0853,-0.1881],[-64.0814,-0.2527],[-64.0966,-0.2834],[-64.1616,-0.3036],[-64.1927,-0.3273],[-64.2332,-0.3381],[-64.3134,-0.3323],[-64.4376,-0.3497],[-64.4813,-0.3878],[-64.536,-0.3938],[-64.6101,-0.4253],[-64.6608,-0.4268],[-64.7085,-0.4545],[-64.7612,-0.4578],[-64.8192,-0.4945],[-64.8304,-0.5141],[-64.8084,-0.5677],[-64.8071,-0.6092],[-64.821,-0.6541],[-64.797,-0.7042],[-64.7916,-0.8004],[-64.8113,-0.8244],[-64.8421,-0.8319],[-64.849,-0.8621],[-64.8348,-0.8812],[-64.8622,-0.9364],[-64.8608,-0.9671],[-64.8787,-1.0222],[-64.9551,-1.0192],[-64.985,-1.0454],[-64.9667,-1.1035],[-64.9698,-1.146],[-65.0034,-1.1693],[-65.0316,-1.1664],[-65.054,-1.2373],[-65.0498,-1.2877],[-65.0743,-1.3025],[-65.0749,-1.3651],[-65.0445,-1.3839],[-65.0584,-1.4201],[-65.0861,-1.4585],[-65.1184,-1.4518],[-65.1977,-1.4638],[-65.2029,-1.4785],[-65.2937,-1.4898],[-65.2994,-1.5283],[-65.3536,-1.6386],[-65.3794,-1.6714],[-65.3534,-1.7339],[-65.3106,-1.7502],[-65.3111,-1.7785],[-65.2909,-1.7858],[-65.2291,-1.7759],[-65.1935,-1.7982],[-65.1797,-1.8328],[-65.1831,-1.9371],[-65.1714,-1.9597],[-65.1364,-1.9747],[-65.0849,-1.9618],[-65.0581,-1.9697],[-65.0202,-1.9132],[-64.9736,-1.8871],[-64.9343,-1.8997],[-64.9496,-2.0003],[-64.9249,-2.0448],[-64.9307,-2.1101],[-64.8867,-2.1002],[-64.867,-2.0804],[-64.8029,-2.0733],[-64.7869,-2.0468],[-64.7044,-2.0196],[-64.688,-2.0577],[-64.7119,-2.1425],[-64.6659,-2.1947],[-64.6633,-2.2142],[-64.5335,-2.2453],[-64.5118,-2.2355],[-64.4965,-2.1806],[-64.4626,-2.1855],[-64.4076,-2.2079],[-64.3672,-2.2651],[-64.3377,-2.2777],[-64.3139,-2.2671],[-64.2864,-2.2169],[-64.26,-2.2052],[-64.2539,-2.1242],[-64.2016,-2.1034],[-64.1689,-2.1315],[-64.1557,-2.1716],[-64.0858,-2.1918],[-64.0288,-2.1607],[-63.9929,-2.2159],[-64.0068,-2.3285],[-63.9773,-2.3735],[-63.9744,-2.4227],[-63.9575,-2.4448],[-63.8756,-2.4452],[-63.8228,-2.4307],[-63.8026,-2.4397],[-63.7505,-2.4386],[-63.7258,-2.4231],[-63.6947,-2.3785],[-63.6337,-2.3904],[-63.5935,-2.3565],[-63.5651,-2.3628],[-63.5193,-2.3917],[-63.4763,-2.382],[-63.4484,-2.4134],[-63.424,-2.4701],[-63.3692,-2.4899],[-63.3051,-2.431],[-63.2792,-2.4362],[-63.2342,-2.4831],[-63.1768,-2.4928],[-63.0751,-2.4771],[-63.0406,-2.4831],[-63.0326,-2.4513],[-62.9074,-2.4154],[-62.8539,-2.3363],[-62.7399,-2.2929],[-62.7179,-2.2766],[-62.6588,-2.2825],[-62.5916,-2.2814],[-62.5441,-2.2723],[-62.5138,-2.2444],[-62.4605,-2.2229],[-62.3537,-2.1938],[-62.3353,-2.1659],[-62.2921,-2.1603],[-62.209,-2.1202],[-62.1673,-2.1242],[-62.1228,-2.0906],[-62.0844,-2.037],[-62.0726,-2.0007],[-62.0471,-1.9751],[-61.9953,-2.0252],[-61.9572,-1.9725],[-61.9284,-1.9589],[-61.9204,-1.9264],[-61.8825,-1.9348],[-61.8273,-1.9262],[-61.8067,-1.9455],[-61.7636,-1.9198],[-61.7333,-1.8864],[-61.6831,-1.8922],[-61.6474,-1.8564],[-61.6109,-1.8327],[-61.5984,-1.8675],[-61.5389,-1.8677],[-61.5275,-1.9163],[-61.4998,-1.9674],[-61.452,-1.9488],[-61.462,-1.9064],[-61.3824,-1.8952],[-61.3863,-1.8632],[-61.4195,-1.7928],[-61.4243,-1.7567],[-61.4125,-1.7032],[-61.4138,-1.6369],[-61.4231,-1.6204],[-61.4625,-1.6069],[-61.4747,-1.579],[-61.5447,-1.5256],[-61.5597,-1.4951],[-61.605,-1.4481],[-61.718,-1.4098],[-61.7408,-1.392],[-61.798,-1.3806],[-61.8399,-1.4011]]]},"properties":{"cd_geocmu":"1300409","nome":"Barcelos","uf":"AM","hc-key":"br-am-1300409"}},{"type":"Feature","geometry":{"type":"Polygon","coordinates":[[[-66.9321,-4.2956],[-66.5731,-4.2962],[-66.0006,-4.2971],[-65.9502,-4.2946],[-65.9089,-4.2927],[-65.9255,-4.2609],[-65.9028,-4.1957],[-65.8659,-4.1698],[-65.8702,-4.1329],[-65.9209,-4.0346],[-65.9551,-3.9988],[-65.9483,-3.9578],[-65.981,-3.9027],[-65.9867,-3.8583],[-65.9799,-3.7858],[-65.9495,-3.7518],[-65.9615,-3.7311],[-65.9915,-3.7281],[-65.9852,-3.6847],[-65.9923,-3.6345],[-65.9781,-3.4873],[-65.9425,-3.4618],[-65.9184,-3.3893],[-65.8707,-3.3406],[-65.869,-3.3042],[-65.8395,-3.2675],[-65.8023,-3.1838],[-65.7523,-3.1563],[-65.7319,-3.0763],[-65.7073,-3.0516],[-65.6575,-2.9541],[-65.6148,-2.9288],[-65.5892,-2.8716],[-65.5598,-2.8885],[-65.5316,-2.8839],[-65.4972,-2.8589],[-65.4493,-2.8553],[-65.4267,-2.8734],[-65.3812,-2.8541],[-65.3461,-2.8199],[-65.3384,-2.774],[-65.377,-2.7178],[-65.3862,-2.6873],[-65.36,-2.6481],[-65.3131,-2.6385],[-65.2619,-2.6067],[-65.2565,-2.564],[-65.3146,-2.4767],[-65.3402,-2.4738],[-65.3977,-2.4505],[-65.3992,-2.4701],[-65.4509,-2.5164],[-65.4806,-2.5336],[-65.524,-2.6018],[-65.5894,-2.6574],[-65.6638,-2.6622],[-65.707,-2.6272],[-65.7157,-2.6089],[-65.7215,-2.5274],[-65.7727,-2.4815],[-65.8181,-2.5024],[-65.7987,-2.592],[-65.8585,-2.6124],[-65.8785,-2.5991],[-65.9466,-2.6073],[-65.968,-2.6276],[-65.9874,-2.6755],[-66.0229,-2.7132],[-66.0531,-2.725],[-66.0715,-2.7926],[-66.089,-2.8118],[-66.1253,-2.8959],[-66.1665,-2.9248],[-66.1926,-2.9607],[-66.1987,-3.0102],[-66.2193,-3.0542],[-66.2095,-3.0682],[-66.2655,-3.124],[-66.3274,-3.1584],[-66.3587,-3.143],[-66.4064,-3.1354],[-66.5114,-3.1407],[-66.5365,-3.1498],[-66.5977,-3.1407],[-66.6341,-3.1381],[-66.692,-3.1608],[-66.7359,-3.1527],[-66.7724,-3.1682],[-66.8022,-3.1418],[-66.8559,-3.1352],[-66.9069,-3.1658],[-66.9378,-3.2454],[-66.9417,-3.3037],[-66.9957,-3.3412],[-66.9927,-3.3731],[-67.035,-3.4157],[-67.0282,-3.529],[-66.9983,-3.5486],[-66.9467,-3.5538],[-66.911,-3.5866],[-66.9415,-3.6554],[-66.9893,-3.7077],[-66.9767,-3.7476],[-66.971,-3.861],[-66.9885,-3.8553],[-67.0121,-3.8922],[-66.9795,-3.9535],[-67.0014,-3.9881],[-67.0431,-3.9646],[-67.1355,-3.9328],[-67.176,-3.8823],[-67.1971,-3.9067],[-67.1655,-3.9908],[-67.1376,-4.027],[-67.0758,-4.0583],[-67.06,-4.1275],[-67.0059,-4.175],[-66.9148,-4.2313],[-66.9328,-4.262],[-66.9321,-4.2956]]]},"properties":{"cd_geocmu":"1302207","nome":"Juruá","uf":"AM","hc-key":"br-am-1302207"}},{"type":"Feature","geometry":{"type":"Polygon","coordinates":[[[-67.0578,-8.5052],[-66.9503,-8.4695],[-66.9259,-8.4542],[-66.927,-8.42],[-66.9096,-8.3969],[-66.9231,-8.3347],[-66.9369,-8.3196],[-66.9069,-8.235],[-66.8592,-8.1902],[-66.8851,-8.1521],[-66.8777,-8.1081],[-66.863,-8.0929],[-66.8673,-8.045],[-66.8838,-8.0138],[-66.8742,-7.9697],[-66.8479,-7.9063],[-66.8164,-7.8693],[-66.8129,-7.8372],[-66.8319,-7.8263],[-66.7908,-7.7923],[-66.7621,-7.7838],[-66.7167,-7.7366],[-66.7022,-7.7015],[-66.6233,-7.6767],[-66.6083,-7.6416],[-66.5758,-7.644],[-66.5558,-7.6032],[-66.5029,-7.599],[-66.4689,-7.5664],[-66.4007,-7.5714],[-66.3656,-7.5388],[-66.3756,-7.489],[-66.4201,-7.4839],[-66.4849,-7.5177],[-66.5168,-7.4999],[-66.6088,-7.4881],[-66.6167,-7.4714],[-66.6758,-7.4454],[-66.6754,-7.4285],[-66.74,-7.3779],[-66.7565,-7.3468],[-66.7861,-7.3437],[-66.8807,-7.2676],[-66.928,-7.2493],[-66.9585,-7.2131],[-66.9426,-7.1933],[-66.9646,-7.1456],[-66.9956,-7.1187],[-67.0057,-7.0877],[-67.0312,-7.0872],[-67.034,-7.0456],[-67.0699,-7.0088],[-67.1272,-7.0246],[-67.1403,-7.0513],[-67.209,-7.0596],[-67.2633,-7.0764],[-67.3264,-7.1551],[-67.3496,-7.1765],[-67.3376,-7.2532],[-67.3484,-7.276],[-67.3837,-7.287],[-67.4422,-7.2873],[-67.4689,-7.2603],[-67.5006,-7.2472],[-67.5032,-7.2923],[-67.5229,-7.3254],[-67.5651,-7.3493],[-67.5986,-7.402],[-67.6418,-7.3994],[-67.655,-7.3566],[-67.698,-7.3314],[-67.6918,-7.3093],[-67.7247,-7.2629],[-67.8394,-7.2523],[-67.8763,-7.2406],[-67.8822,-7.2096],[-67.9146,-7.155],[-68.0005,-7.1507],[-68.0415,-7.1172],[-68.0772,-7.1441],[-68.1148,-7.1465],[-68.1725,-7.1686],[-68.2023,-7.1422],[-68.2731,-7.1778],[-68.3196,-7.1589],[-68.3455,-7.1745],[-68.3872,-7.1794],[-68.4571,-7.1575],[-68.4876,-7.1616],[-68.4912,-7.1915],[-68.4767,-7.2204],[-68.4927,-7.2485],[-68.5342,-7.247],[-68.5429,-7.2238],[-68.5989,-7.1789],[-68.6055,-7.1421],[-68.6565,-7.1039],[-68.6886,-7.1022],[-68.7298,-7.1221],[-68.8066,-7.0995],[-68.8406,-7.1086],[-68.903,-7.1051],[-68.9963,-7.0581],[-69.0127,-7.0348],[-69.0401,-7.029],[-69.0525,-7.05],[-69.127,-7.0159],[-69.1326,-6.9615],[-69.1655,-6.9609],[-69.1928,-6.9449],[-69.2363,-6.9929],[-69.2864,-7.0122],[-69.3611,-7.0126],[-69.3901,-7.0265],[-69.4139,-7.0746],[-69.4865,-7.1058],[-69.483,-7.1289],[-69.4544,-7.1462],[-69.4564,-7.1705],[-69.4849,-7.1808],[-69.491,-7.2032],[-69.4744,-7.2522],[-69.4926,-7.2792],[-69.4889,-7.3378],[-69.5118,-7.3602],[-69.4911,-7.4049],[-69.5247,-7.4365],[-69.5088,-7.4589],[-69.5338,-7.4893],[-69.5657,-7.5573],[-69.5553,-7.5705],[-69.5874,-7.6272],[-69.5553,-7.6587],[-69.5698,-7.6866],[-69.5984,-7.6909],[-69.6252,-7.7524],[-69.682,-7.7934],[-69.7049,-7.7874],[-69.7307,-7.8203],[-69.7924,-7.8678],[-69.7849,-7.9085],[-69.8005,-7.9518],[-69.7873,-7.9984],[-69.8017,-8.0611],[-69.4443,-8.3665],[-69.213,-8.5644],[-69.1669,-8.5849],[-69.099,-8.5493],[-69.0722,-8.5729],[-69.0241,-8.5755],[-69.0053,-8.5378],[-68.947,-8.5074],[-68.9117,-8.4413],[-68.9151,-8.3949],[-68.8548,-8.3493],[-68.8635,-8.3296],[-68.8528,-8.2766],[-68.8734,-8.2424],[-68.8615,-8.1953],[-68.8726,-8.1706],[-68.8406,-8.1463],[-68.8171,-8.1458],[-68.7888,-8.1064],[-68.6985,-8.0714],[-68.6477,-8.0669],[-68.5779,-8.0898],[-68.5121,-8.064],[-68.48,-8.0635],[-68.4633,-8.045],[-68.4091,-8.0615],[-68.3686,-8.0835],[-68.3415,-8.0744],[-68.2966,-8.0924],[-68.202,-8.0815],[-68.1793,-8.0933],[-68.1613,-8.1395],[-68.1237,-8.1233],[-68.0873,-8.1315],[-68.0651,-8.1574],[-67.9804,-8.1982],[-67.9768,-8.2344],[-67.9296,-8.2672],[-67.9357,-8.2819],[-67.9051,-8.3492],[-67.8695,-8.3735],[-67.8366,-8.3701],[-67.7896,-8.3878],[-67.7498,-8.431],[-67.6801,-8.4478],[-67.6566,-8.4806],[-67.6151,-8.4817],[-67.589,-8.5292],[-67.5383,-8.5469],[-67.5197,-8.57],[-67.4578,-8.5457],[-67.4223,-8.5394],[-67.4138,-8.5076],[-67.0578,-8.5052]]]},"properties":{"cd_geocmu":"1303502","nome":"Pauini","uf":"AM","hc-key":"br-am-1303502"}},{"type":"Feature","geometry":{"type":"Polygon","coordinates":[[[-60.0005,-2.1202],[-59.9561,-2.1173],[-59.8843,-2.1303],[-59.8027,-2.161],[-59.7519,-2.2149],[-59.7123,-2.1856],[-59.7009,-2.1635],[-59.7146,-2.0993],[-59.7095,-2.0519],[-59.6767,-2.0515],[-59.6771,-2.1119],[-59.6234,-2.1414],[-59.6086,-2.1764],[-59.5717,-2.182],[-59.5571,-2.2214],[-59.52,-2.2518],[-59.5064,-2.3053],[-59.4505,-2.3235],[-59.4278,-2.3711],[-59.3883,-2.362],[-59.3479,-2.3701],[-59.2909,-2.434],[-59.2768,-2.4801],[-59.272,-2.4476],[-59.173,-2.3858],[-59.1333,-2.3413],[-59.1096,-2.2974],[-59.0824,-2.276],[-59.1294,-2.2237],[-59.1442,-2.2497],[-59.1787,-2.2102],[-59.1796,-2.1851],[-59.1438,-2.1719],[-59.1284,-2.1007],[-59.1128,-2.0773],[-59.1241,-2.0073],[-59.1623,-1.9855],[-59.1613,-1.9602],[-59.2018,-1.9404],[-59.2038,-1.918],[-59.2517,-1.8332],[-59.2267,-1.8265],[-59.196,-1.7108],[-59.1403,-1.6431],[-59.1276,-1.6075],[-59.1565,-1.5453],[-59.1514,-1.5159],[-59.1866,-1.473],[-59.1914,-1.4464],[-59.2705,-1.4312],[-59.2962,-1.4541],[-59.3054,-1.4839],[-59.3302,-1.4819],[-59.3598,-1.459],[-59.4378,-1.4348],[-59.4863,-1.454],[-59.5194,-1.4329],[-59.5041,-1.3894],[-59.4681,-1.3355],[-59.4425,-1.3193],[-59.4404,-1.2853],[-59.3734,-1.2367],[-59.3797,-1.1477],[-59.3806,-1.1067],[-59.6056,-1.1095],[-59.6311,-1.0811],[-59.6696,-1.0661],[-59.7012,-1.1048],[-59.7175,-1.0799],[-59.7866,-1.0453],[-59.8426,-0.9682],[-59.8562,-0.9116],[-59.8941,-0.8958],[-59.9308,-0.8517],[-59.9763,-0.8332],[-60.0137,-0.7901],[-60.035,-0.7425],[-60.0302,-0.7284],[-60.0543,-0.676],[-60.0224,-0.6172],[-60.0384,-0.5965],[-60.0009,-0.5696],[-59.9676,-0.5689],[-59.9541,-0.5156],[-59.8929,-0.4554],[-59.8702,-0.4693],[-59.8313,-0.4113],[-59.8532,-0.3921],[-59.8387,-0.2676],[-59.808,-0.2485],[-59.8105,-0.23],[-59.8476,-0.1818],[-59.9134,-0.1501],[-59.9194,-0.126],[-59.8804,-0.0961],[-59.8645,-0.0466],[-59.9169,0.0335],[-59.9427,0.0158],[-59.9359,-0.0392],[-59.9765,-0.0626],[-60.0235,-0.0431],[-60.0825,-0.0481],[-60.1226,-0.0797],[-60.18,-0.0855],[-60.2276,-0.1217],[-60.223,-0.1389],[-60.2688,-0.1765],[-60.2913,-0.2127],[-60.305,-0.2603],[-60.3064,-0.3175],[-60.3268,-0.3809],[-60.3489,-0.411],[-60.3465,-0.4379],[-60.3845,-0.4622],[-60.4001,-0.5175],[-60.3828,-0.5538],[-60.3798,-0.5889],[-60.3603,-0.5984],[-60.3054,-0.6665],[-60.3033,-0.688],[-60.3467,-0.7396],[-60.3714,-0.7318],[-60.425,-0.7706],[-60.4749,-0.7616],[-60.4978,-0.7807],[-60.5029,-0.8407],[-60.5362,-0.8695],[-60.588,-0.8433],[-60.6186,-0.8519],[-60.6635,-0.8812],[-60.6843,-0.8655],[-60.762,-0.8486],[-60.795,-1.0236],[-60.7582,-1.0675],[-60.7835,-1.0883],[-60.8278,-1.0914],[-60.8268,-1.1249],[-60.8559,-1.2167],[-60.8548,-1.26],[-60.9045,-1.2512],[-60.9475,-1.2776],[-60.9632,-1.3075],[-60.9229,-1.3155],[-60.8903,-1.3086],[-60.8827,-1.3334],[-60.8476,-1.3593],[-60.8364,-1.4069],[-60.8542,-1.4343],[-60.8321,-1.4613],[-60.7805,-1.4396],[-60.7504,-1.4456],[-60.6703,-1.4888],[-60.6159,-1.5248],[-60.582,-1.5718],[-60.5812,-1.604],[-60.6132,-1.6457],[-60.6262,-1.691],[-60.6162,-1.7235],[-60.6253,-1.786],[-60.6094,-1.8355],[-60.6171,-1.861],[-60.5737,-1.9136],[-60.4815,-1.9182],[-60.4446,-1.9496],[-60.3578,-1.9545],[-60.2974,-1.9574],[-60.2671,-1.9865],[-60.2047,-2.004],[-60.1487,-2.0421],[-60.0913,-2.06],[-60.0835,-2.0764],[-60.0005,-2.1202]]]},"properties":{"cd_geocmu":"1303536","nome":"Presidente Figueiredo","uf":"AM","hc-key":"br-am-1303536"}},{"type":"Feature","geometry":{"type":"Polygon","coordinates":[[[-71.9454,-7.6268],[-71.3817,-7.6923],[-71.3558,-7.6655],[-71.3261,-7.6591],[-71.3118,-7.6338],[-71.2484,-7.5888],[-71.2221,-7.5532],[-71.1911,-7.5457],[-71.1844,-7.5189],[-71.1513,-7.478],[-71.1376,-7.4784],[-71.0706,-7.4161],[-71.0549,-7.3636],[-71.0282,-7.3471],[-70.9893,-7.2698],[-70.9079,-7.2495],[-70.8953,-7.2223],[-70.865,-7.1967],[-70.8374,-7.1929],[-70.7875,-7.1536],[-70.7295,-7.065],[-70.7206,-7.0071],[-70.7069,-6.994],[-70.6988,-6.9408],[-70.7027,-6.9028],[-70.6695,-6.8736],[-70.6616,-6.8369],[-70.6415,-6.8139],[-70.6536,-6.5951],[-70.7308,-6.6541],[-70.7722,-6.656],[-70.7904,-6.7072],[-70.8642,-6.7264],[-70.93,-6.697],[-70.9755,-6.651],[-70.9935,-6.6468],[-71.0908,-6.6605],[-71.1435,-6.7063],[-71.1805,-6.709],[-71.1895,-6.7269],[-71.2806,-6.7207],[-71.3001,-6.6908],[-71.3433,-6.6813],[-71.4091,-6.7858],[-71.4455,-6.8094],[-71.4682,-6.8605],[-71.502,-6.8492],[-71.5363,-6.8644],[-71.5555,-6.9508],[-71.5877,-6.9266],[-71.5969,-6.9512],[-71.6306,-6.973],[-71.6481,-6.9512],[-71.6341,-6.9303],[-71.6832,-6.8856],[-71.7156,-6.9139],[-71.7509,-6.9043],[-71.8003,-6.9257],[-71.794,-6.9795],[-71.8563,-6.999],[-71.9271,-6.9892],[-71.9428,-7.012],[-71.9861,-7.0114],[-71.9774,-7.0606],[-71.9884,-7.0962],[-72.0519,-7.1029],[-72.0507,-7.1985],[-72.0763,-7.2641],[-72.1282,-7.2759],[-72.1707,-7.3186],[-72.154,-7.3451],[-72.1457,-7.4015],[-72.1426,-7.4854],[-72.1748,-7.5125],[-72.1695,-7.6006],[-71.9454,-7.6268]]]},"properties":{"cd_geocmu":"1301803","nome":"Ipixuna","uf":"AM","hc-key":"br-am-1301803"}},{"type":"Feature","geometry":{"type":"Polygon","coordinates":[[[-60.0005,-2.1202],[-59.9992,-2.1432],[-60.0279,-2.2422],[-60.0396,-2.2646],[-60.0466,-2.3283],[-60.0244,-2.4483],[-60.0358,-2.5004],[-60.0333,-2.5493],[-59.9996,-2.5494],[-59.9412,-2.5783],[-59.9424,-2.6222],[-59.9147,-2.6168],[-59.9045,-2.6577],[-59.8736,-2.6839],[-59.8761,-2.7157],[-59.8335,-2.7355],[-59.8191,-2.8034],[-59.7828,-2.8305],[-59.7597,-2.8222],[-59.7157,-2.8813],[-59.7286,-2.8988],[-59.7062,-2.9396],[-59.6627,-2.9445],[-59.6372,-2.9615],[-59.5795,-2.9606],[-59.5322,-2.9512],[-59.5003,-2.9719],[-59.4306,-2.9272],[-59.4094,-2.8886],[-59.3783,-2.8673],[-59.3561,-2.8229],[-59.3073,-2.7622],[-59.2682,-2.7385],[-59.2288,-2.6975],[-59.2282,-2.6494],[-59.1924,-2.6066],[-59.2009,-2.5643],[-59.1664,-2.5393],[-59.1559,-2.5175],[-59.1742,-2.4846],[-59.1969,-2.471],[-59.2386,-2.4697],[-59.2768,-2.4801],[-59.2909,-2.434],[-59.3479,-2.3701],[-59.3883,-2.362],[-59.4278,-2.3711],[-59.4505,-2.3235],[-59.5064,-2.3053],[-59.52,-2.2518],[-59.5571,-2.2214],[-59.5717,-2.182],[-59.6086,-2.1764],[-59.6234,-2.1414],[-59.6771,-2.1119],[-59.6767,-2.0515],[-59.7095,-2.0519],[-59.7146,-2.0993],[-59.7009,-2.1635],[-59.7123,-2.1856],[-59.7519,-2.2149],[-59.8027,-2.161],[-59.8843,-2.1303],[-59.9561,-2.1173],[-60.0005,-2.1202]]]},"properties":{"cd_geocmu":"1303569","nome":"Rio Preto da Eva","uf":"AM","hc-key":"br-am-1303569"}},{"type":"Feature","geometry":{"type":"Polygon","coordinates":[[[-69.3335,-6.3613],[-69.4134,-6.3573],[-69.487,-6.389],[-69.5151,-6.412],[-69.5327,-6.4574],[-69.5486,-6.468],[-69.5886,-6.4608],[-69.6078,-6.4384],[-69.7016,-6.4227],[-69.7684,-6.4394],[-69.7965,-6.474],[-69.7946,-6.5279],[-69.8088,-6.5651],[-69.8333,-6.57],[-69.8562,-6.5508],[-69.9105,-6.5482],[-69.9328,-6.5809],[-69.9823,-6.5636],[-70.0149,-6.589],[-70.0824,-6.6016],[-70.0921,-6.6319],[-70.1435,-6.6084],[-70.1944,-6.6121],[-70.2056,-6.5869],[-70.2457,-6.6025],[-70.2614,-6.6348],[-70.2879,-6.6094],[-70.3081,-6.6355],[-70.3681,-6.6451],[-70.375,-6.6174],[-70.4166,-6.6091],[-70.4198,-6.5797],[-70.4411,-6.5662],[-70.4901,-6.5777],[-70.5365,-6.5629],[-70.5719,-6.5345],[-70.5952,-6.5954],[-70.6173,-6.6069],[-70.6536,-6.5951],[-70.6415,-6.8139],[-70.6616,-6.8369],[-70.6695,-6.8736],[-70.7027,-6.9028],[-70.6988,-6.9408],[-70.7069,-6.994],[-70.7206,-7.0071],[-70.7295,-7.065],[-70.7875,-7.1536],[-70.8374,-7.1929],[-70.865,-7.1967],[-70.8953,-7.2223],[-70.9079,-7.2495],[-70.9893,-7.2698],[-71.0282,-7.3471],[-71.0549,-7.3636],[-71.0706,-7.4161],[-71.1376,-7.4784],[-71.1513,-7.478],[-71.1844,-7.5189],[-71.1911,-7.5457],[-71.2221,-7.5532],[-71.2484,-7.5888],[-71.3118,-7.6338],[-71.3261,-7.6591],[-71.3558,-7.6655],[-71.3817,-7.6923],[-71.0885,-7.7263],[-71.0433,-7.6939],[-70.9848,-7.6773],[-70.9383,-7.6559],[-70.8932,-7.6661],[-70.8661,-7.6283],[-70.8329,-7.6447],[-70.8105,-7.6382],[-70.7964,-7.6089],[-70.7323,-7.5877],[-70.665,-7.6094],[-70.6078,-7.5464],[-70.58,-7.5557],[-70.5259,-7.5437],[-70.501,-7.5147],[-70.4558,-7.5142],[-70.3786,-7.4836],[-70.3556,-7.4854],[-70.2707,-7.401],[-70.2234,-7.3709],[-70.1937,-7.3624],[-70.1576,-7.3313],[-70.1269,-7.2808],[-70.1003,-7.2912],[-70.0557,-7.2611],[-70.0375,-7.1765],[-70.0077,-7.1807],[-69.9722,-7.2681],[-69.9486,-7.2907],[-69.8968,-7.2898],[-69.8687,-7.2431],[-69.8902,-7.2391],[-69.8694,-7.1736],[-69.5218,-7.1782],[-69.5161,-7.1145],[-69.533,-7.0481],[-69.4709,-7.0224],[-69.4452,-7.004],[-69.4203,-6.9494],[-69.368,-6.8932],[-69.3748,-6.7934],[-69.3584,-6.764],[-69.354,-6.7236],[-69.335,-6.6862],[-69.3335,-6.3613]]]},"properties":{"cd_geocmu":"1301407","nome":"Eirunepé","uf":"AM","hc-key":"br-am-1301407"}},{"type":"Feature","geometry":{"type":"Polygon","coordinates":[[[-57.3702,-3.5139],[-57.3261,-3.5881],[-57.2948,-3.611],[-57.2668,-3.6071],[-57.2451,-3.6739],[-57.2,-3.6767],[-57.1819,-3.6595],[-57.1469,-3.6615],[-57.1167,-3.6317],[-57.1221,-3.602],[-57.0721,-3.5934],[-57.0228,-3.6024],[-56.9897,-3.5767],[-56.9742,-3.5838],[-56.9138,-3.5623],[-56.8872,-3.499],[-56.8101,-3.333],[-56.852,-3.301],[-56.8871,-3.3013],[-56.9379,-3.2691],[-56.9436,-3.2302],[-56.9823,-3.2169],[-57.0456,-3.209],[-57.0476,-3.1786],[-57.021,-3.1389],[-56.9961,-3.0724],[-56.9988,-3.0328],[-57.0307,-3.0139],[-57.0164,-2.9326],[-56.9678,-2.9062],[-56.9176,-2.8943],[-56.8548,-2.9155],[-56.8336,-2.878],[-56.8358,-2.8541],[-56.811,-2.7835],[-56.7889,-2.7537],[-56.7505,-2.7489],[-56.7542,-2.7245],[-56.8005,-2.7375],[-56.8246,-2.7644],[-56.8507,-2.744],[-56.9011,-2.7745],[-56.9443,-2.7514],[-56.9119,-2.6777],[-56.9415,-2.6662],[-56.9845,-2.6884],[-57.0234,-2.692],[-57.0316,-2.7073],[-57.0958,-2.7282],[-57.1396,-2.7163],[-57.1782,-2.7213],[-57.1974,-2.6814],[-57.2237,-2.6935],[-57.2639,-2.6764],[-57.303,-2.6329],[-57.3829,-2.6402],[-57.4111,-2.622],[-57.429,-2.5898],[-57.4317,-2.6408],[-57.4576,-2.6949],[-57.4186,-2.7096],[-57.4181,-2.7373],[-57.4557,-2.7445],[-57.4895,-2.7763],[-57.4939,-2.8072],[-57.4365,-2.8438],[-57.4824,-2.871],[-57.4674,-2.9488],[-57.425,-2.9395],[-57.3978,-2.917],[-57.3547,-2.9114],[-57.3534,-2.9376],[-57.412,-3.0184],[-57.4346,-3.0068],[-57.4595,-3.0344],[-57.4561,-3.2664],[-57.4227,-3.2886],[-57.4038,-3.2764],[-57.3921,-3.3237],[-57.3739,-3.3327],[-57.3586,-3.4387],[-57.3717,-3.4781],[-57.3702,-3.5139]]]},"properties":{"cd_geocmu":"1300508","nome":"Barreirinha","uf":"AM","hc-key":"br-am-1300508"}},{"type":"Feature","geometry":{"type":"Polygon","coordinates":[[[-59.0513,-2.587],[-59.0484,-2.6238],[-59.0267,-2.6385],[-59.032,-2.674],[-59.0115,-2.7027],[-58.9875,-2.6938],[-58.9889,-2.7741],[-58.9645,-2.7794],[-58.9384,-2.7564],[-58.905,-2.7779],[-58.9017,-2.8102],[-58.8647,-2.873],[-58.8707,-2.9085],[-58.8149,-2.9351],[-58.745,-2.9839],[-58.6519,-3.0313],[-58.6173,-3.0367],[-58.5748,-3.0164],[-58.503,-2.9975],[-58.4745,-2.977],[-58.4037,-3.0],[-58.3718,-3.0667],[-58.3861,-3.0863],[-58.3759,-3.1446],[-58.3176,-3.1088],[-58.2453,-3.0828],[-58.1771,-3.0352],[-58.1415,-2.9685],[-58.1298,-2.9154],[-58.1019,-2.8779],[-58.1104,-2.8592],[-58.1791,-2.7501],[-58.1851,-2.6818],[-58.2149,-2.6481],[-58.2545,-2.6266],[-58.3044,-2.6116],[-58.3372,-2.6251],[-58.3803,-2.6224],[-58.4267,-2.6569],[-58.4552,-2.6524],[-58.5033,-2.7027],[-58.5882,-2.6795],[-58.6846,-2.6632],[-58.7165,-2.6324],[-58.7805,-2.5882],[-58.8498,-2.6024],[-58.88,-2.5729],[-58.8994,-2.5896],[-58.9444,-2.5748],[-58.9591,-2.5581],[-59.0118,-2.5746],[-59.022,-2.6064],[-59.0513,-2.587]]]},"properties":{"cd_geocmu":"1304005","nome":"Silves","uf":"AM","hc-key":"br-am-1304005"}},{"type":"Feature","geometry":{"type":"Polygon","coordinates":[[[-61.2936,-4.7119],[-61.3187,-4.7631],[-61.4192,-4.8546],[-61.4438,-4.8915],[-61.5247,-4.9402],[-61.701,-5.0974],[-61.7839,-5.1672],[-61.8609,-5.2155],[-61.9421,-5.2945],[-62.0103,-5.3214],[-62.0812,-5.4156],[-62.1028,-5.4599],[-62.1254,-5.5053],[-62.1601,-5.5507],[-62.2904,-5.7581],[-62.3321,-5.8178],[-62.4432,-5.935],[-62.4926,-5.9726],[-62.5675,-6.0951],[-62.645,-6.1881],[-62.7415,-6.2751],[-62.7918,-6.3558],[-62.8636,-6.4299],[-62.8348,-6.4324],[-62.8041,-6.4149],[-62.7233,-6.4185],[-62.6867,-6.4511],[-62.636,-6.4562],[-62.6057,-6.436],[-62.5577,-6.3817],[-62.5378,-6.412],[-62.5049,-6.4147],[-62.486,-6.3812],[-62.4428,-6.3558],[-62.401,-6.3476],[-62.3832,-6.3258],[-62.3464,-6.323],[-62.2885,-6.3348],[-62.272,-6.3075],[-62.2652,-6.2512],[-62.2257,-6.2216],[-62.1513,-6.19],[-62.1222,-6.1939],[-62.0852,-6.225],[-61.9653,-6.2605],[-61.9055,-6.2532],[-61.8546,-6.2586],[-61.8259,-6.2151],[-61.8222,-6.1545],[-61.807,-6.1442],[-61.774,-6.1762],[-61.7447,-6.2245],[-61.7414,-6.2542],[-61.8371,-6.2688],[-61.8433,-6.2873],[-61.8052,-6.3408],[-61.8059,-6.3728],[-61.7836,-6.4275],[-61.7306,-6.4061],[-61.6993,-6.4172],[-61.7481,-6.4744],[-61.6926,-6.4988],[-61.6858,-6.541],[-61.6616,-6.5857],[-61.6884,-6.6248],[-61.6914,-6.6664],[-61.6767,-6.7018],[-61.6745,-6.7723],[-61.7123,-6.8027],[-61.7141,-6.8519],[-61.7325,-6.8749],[-61.7758,-6.8759],[-61.777,-6.9134],[-61.8008,-6.9452],[-61.8533,-6.9818],[-61.8435,-7.0307],[-61.9185,-7.0634],[-61.9149,-7.0915],[-61.9561,-7.1625],[-62.0272,-7.2223],[-61.9947,-7.2427],[-61.9606,-7.2925],[-61.9002,-7.289],[-61.8878,-7.3152],[-61.8475,-7.3221],[-61.8369,-7.3465],[-61.856,-7.3929],[-61.8235,-7.4268],[-61.8418,-7.4837],[-61.8793,-7.5433],[-61.8546,-7.586],[-61.8466,-7.6404],[-61.8181,-7.6525],[-61.8513,-7.7594],[-61.8697,-7.7547],[-61.9208,-7.8104],[-61.9293,-7.8385],[-61.9626,-7.8436],[-61.9752,-7.8819],[-61.9986,-7.8817],[-62.0318,-7.9088],[-62.059,-8.0033],[-62.0099,-8.0269],[-61.9791,-8.0548],[-61.9443,-8.1085],[-61.9407,-8.1432],[-61.9144,-8.1943],[-61.923,-8.2743],[-61.9084,-8.3447],[-61.9809,-8.4551],[-61.9696,-8.4716],[-61.9875,-8.5552],[-61.9774,-8.6202],[-61.962,-8.6421],[-61.9986,-8.6884],[-61.9957,-8.7472],[-61.9696,-8.7995],[-61.9469,-8.8146],[-61.9171,-8.8628],[-61.903,-8.8629],[-61.8597,-8.853],[-61.861,-8.8036],[-61.8433,-8.7794],[-61.8412,-8.7394],[-61.7746,-8.7482],[-61.7489,-8.7238],[-61.7419,-8.6952],[-61.7133,-8.6879],[-61.6832,-8.6514],[-61.6203,-8.647],[-61.5389,-8.6931],[-61.496,-8.671],[-61.5215,-8.5739],[-61.4989,-8.5507],[-61.4635,-8.5503],[-61.4633,-8.4692],[-61.5007,-8.4363],[-61.4548,-8.3886],[-61.472,-8.3414],[-61.4514,-8.2984],[-61.4498,-8.2048],[-61.48,-8.1692],[-61.4921,-8.1178],[-61.4723,-8.0564],[-61.4254,-8.0041],[-61.4196,-8.0412],[-61.3939,-8.0518],[-61.3298,-8.1293],[-61.2887,-8.1675],[-61.2882,-8.2104],[-61.2745,-8.2578],[-61.2516,-8.2722],[-61.1952,-8.2521],[-61.146,-8.2642],[-61.1094,-8.2606],[-61.0826,-8.2181],[-61.0836,-8.1899],[-61.134,-8.1542],[-61.1366,-8.1098],[-61.1245,-8.0848],[-61.1463,-8.0618],[-61.1424,-8.0084],[-61.1633,-7.9886],[-61.2126,-8.0068],[-61.3171,-7.94],[-61.3332,-7.912],[-61.3397,-7.8542],[-61.3228,-7.752],[-61.2837,-7.6784],[-61.3016,-7.6268],[-61.2902,-7.58],[-61.301,-7.5667],[-61.3012,-7.489],[-61.3141,-7.473],[-61.3187,-7.4253],[-61.339,-7.3844],[-61.3155,-7.34],[-61.2419,-7.2993],[-61.2419,-7.2713],[-61.2071,-7.2562],[-61.2141,-7.2303],[-61.205,-7.1905],[-61.2436,-7.1448],[-61.2248,-7.1298],[-61.1551,-7.0998],[-61.1807,-7.0196],[-61.1481,-7.0236],[-61.1051,-6.9954],[-61.0739,-6.9352],[-60.9787,-6.9379],[-60.5437,-6.9355],[-60.5474,-6.3197],[-60.516,-6.2957],[-60.5251,-6.2679],[-60.5528,-6.2503],[-60.5569,-6.2067],[-60.5381,-6.1306],[-60.5868,-6.1129],[-60.5846,-6.0738],[-60.6157,-6.0748],[-60.6327,-6.0581],[-60.6222,-6.0173],[-60.574,-5.9488],[-60.5429,-5.9242],[-60.5838,-5.8678],[-60.5641,-5.8333],[-60.5383,-5.8277],[-60.5519,-5.7349],[-60.5934,-5.7069],[-60.6291,-5.7166],[-60.6486,-5.6987],[-60.6497,-5.6697],[-60.6256,-5.6586],[-60.6475,-5.6054],[-60.6335,-5.5588],[-60.6425,-5.5378],[-60.6008,-5.4585],[-60.5749,-5.4472],[-60.5993,-5.3899],[-60.5993,-5.3585],[-60.5749,-5.3527],[-60.5751,-5.2679],[-60.6183,-5.2934],[-60.7078,-5.3035],[-60.7873,-5.387],[-60.8208,-5.4028],[-60.8643,-5.3782],[-60.936,-5.375],[-60.9015,-5.3404],[-60.9049,-5.3174],[-60.8607,-5.3007],[-60.8358,-5.3025],[-60.8083,-5.2281],[-60.7816,-5.1969],[-60.7415,-5.1716],[-60.7456,-5.1462],[-60.7258,-5.1132],[-60.9136,-5.1129],[-61.2936,-4.7119]]]},"properties":{"cd_geocmu":"1302702","nome":"Manicoré","uf":"AM","hc-key":"br-am-1302702"}},{"type":"Feature","geometry":{"type":"Polygon","coordinates":[[[-69.9462,-4.2727],[-69.8513,-4.3396],[-69.781,-4.3722],[-69.7096,-4.3507],[-69.641,-4.3123],[-69.5705,-4.3092],[-69.5331,-4.2791],[-69.498,-4.2491],[-69.4723,-4.2013],[-69.4066,-4.1696],[-69.426,-4.1318],[-69.4584,-4.1213],[-69.517,-4.1301],[-69.5356,-4.0763],[-69.5207,-4.0469],[-69.4232,-3.9965],[-69.394,-3.9041],[-69.3958,-3.8228],[-69.4189,-3.8044],[-69.4141,-3.7621],[-69.44,-3.7169],[-69.4957,-3.7403],[-69.5314,-3.732],[-69.5597,-3.7599],[-69.6184,-3.7699],[-69.645,-3.7916],[-69.6804,-3.7841],[-69.653,-3.7436],[-69.6382,-3.6895],[-69.6938,-3.7258],[-69.7964,-3.7102],[-69.8376,-3.6866],[-69.9332,-4.2192],[-69.9483,-4.2258],[-69.9462,-4.2727]]]},"properties":{"cd_geocmu":"1304062","nome":"Tabatinga","uf":"AM","hc-key":"br-am-1304062"}},{"type":"Feature","geometry":{"type":"Polygon","coordinates":[[[-61.4792,-3.6849],[-61.5554,-3.6839],[-61.5867,-3.6585],[-61.6221,-3.6602],[-61.6527,-3.6757],[-61.6932,-3.6462],[-61.7397,-3.6458],[-61.783,-3.6327],[-61.8235,-3.6618],[-61.8234,-3.8883],[-61.8892,-3.9624],[-61.8474,-3.9926],[-61.836,-4.0381],[-61.8718,-4.028],[-61.8923,-4.0463],[-61.9249,-4.0251],[-61.9365,-4.0632],[-61.9144,-4.0927],[-61.8765,-4.1015],[-61.8656,-4.0861],[-61.8131,-4.0915],[-61.8904,-4.1307],[-61.9465,-4.1215],[-61.981,-4.0916],[-62.0346,-4.0797],[-62.1201,-4.0932],[-62.1411,-4.0861],[-62.1839,-4.1167],[-62.227,-4.0975],[-62.2693,-4.0617],[-62.3028,-4.0842],[-62.3618,-4.0904],[-62.3554,-4.1082],[-62.2859,-4.1634],[-62.288,-4.2016],[-62.2631,-4.224],[-62.2942,-4.2498],[-62.379,-4.2513],[-62.4349,-4.2291],[-62.4683,-4.2588],[-62.4716,-4.296],[-62.5401,-4.3629],[-62.5346,-4.3971],[-62.5551,-4.4177],[-62.5919,-4.4118],[-62.6191,-4.442],[-62.6497,-4.4207],[-62.658,-4.389],[-62.6955,-4.3951],[-62.6935,-4.4318],[-62.7159,-4.4477],[-62.7268,-4.4785],[-62.7519,-4.4628],[-62.7751,-4.5012],[-62.8139,-4.4701],[-62.8883,-4.4884],[-62.8951,-4.5151],[-62.9542,-4.5185],[-63.0311,-4.7052],[-62.9902,-4.7441],[-62.9999,-4.7919],[-62.9548,-4.7349],[-62.9454,-4.6621],[-62.9082,-4.648],[-62.8748,-4.668],[-62.8305,-4.6784],[-62.6847,-4.6232],[-62.6291,-4.6401],[-62.5391,-4.6161],[-62.5114,-4.6152],[-62.4507,-4.5957],[-62.3961,-4.5878],[-62.3274,-4.5629],[-62.3076,-4.534],[-62.2855,-4.4767],[-62.2587,-4.469],[-62.222,-4.4931],[-62.185,-4.4725],[-62.1778,-4.453],[-62.1434,-4.4342],[-62.1192,-4.4072],[-62.0585,-4.3684],[-62.053,-4.3112],[-62.0074,-4.2844],[-61.901,-4.2481],[-61.868,-4.2479],[-61.8538,-4.2716],[-61.7954,-4.2733],[-61.7512,-4.2426],[-61.6828,-4.2538],[-61.6433,-4.2118],[-61.5828,-4.1256],[-61.5678,-4.071],[-61.484,-3.9876],[-61.4311,-3.9191],[-61.3752,-3.8884],[-61.3753,-3.8657],[-61.4228,-3.8012],[-61.4343,-3.7587],[-61.4792,-3.6849]]]},"properties":{"cd_geocmu":"1300102","nome":"Anori","uf":"AM","hc-key":"br-am-1300102"}},{"type":"Feature","geometry":{"type":"Polygon","coordinates":[[[-60.4202,-8.7966],[-60.0005,-8.8009],[-59.4814,-8.8033],[-59.1274,-8.8033],[-58.9628,-8.8028],[-58.4419,-8.7987],[-58.388,-8.7748],[-58.3284,-8.7122],[-58.3759,-8.7037],[-58.412,-8.7206],[-58.4373,-8.7034],[-58.3895,-8.5948],[-58.4105,-8.5704],[-58.4051,-8.5376],[-58.4178,-8.4895],[-58.3902,-8.439],[-58.3546,-8.3928],[-58.3448,-8.3407],[-58.3149,-8.3231],[-58.3281,-8.2858],[-58.3129,-8.2091],[-58.3225,-8.17],[-58.2902,-8.1356],[-58.2931,-8.0709],[-58.3217,-8.025],[-58.3315,-7.9688],[-58.355,-7.944],[-58.3751,-7.899],[-58.3782,-7.8274],[-58.3004,-7.7775],[-58.276,-7.6997],[-58.2398,-7.6536],[-58.2022,-7.6209],[-58.2227,-7.524],[-58.2131,-7.4585],[-58.1734,-7.3944],[-58.1371,-7.3561],[-58.1474,-7.3432],[-58.5003,-7.3501],[-58.5404,-7.3425],[-58.574,-7.2876],[-58.5297,-7.2376],[-58.5639,-7.1989],[-58.529,-7.1865],[-58.5379,-7.1653],[-58.5063,-7.1143],[-58.4967,-7.0521],[-58.5418,-7.0361],[-58.6016,-7.0373],[-58.6328,-7.008],[-58.6756,-6.9284],[-58.744,-6.8869],[-58.785,-6.8323],[-58.7941,-6.7767],[-58.8327,-6.7448],[-58.868,-6.6754],[-58.8645,-6.6282],[-58.8747,-6.5895],[-58.8669,-6.5435],[-58.8359,-6.4709],[-58.8371,-6.4227],[-58.8553,-6.3815],[-59.0792,-6.389],[-59.2942,-6.5206],[-59.5004,-6.6279],[-59.8727,-6.8121],[-60.1285,-6.9128],[-60.6969,-7.1463],[-60.6694,-7.1662],[-60.6496,-7.2023],[-60.6523,-7.229],[-60.6327,-7.2893],[-60.637,-7.3459],[-60.6519,-7.4085],[-60.6473,-7.4813],[-60.6756,-7.531],[-60.6685,-7.5659],[-60.6777,-7.6069],[-60.6625,-7.6481],[-60.6739,-7.6781],[-60.6445,-7.7047],[-60.5878,-7.7086],[-60.5629,-7.756],[-60.5642,-7.7906],[-60.5396,-7.798],[-60.5489,-7.8304],[-60.5148,-7.866],[-60.5255,-7.8907],[-60.4823,-7.9984],[-60.4555,-8.0273],[-60.4409,-8.1011],[-60.4508,-8.1738],[-60.4871,-8.2925],[-60.4548,-8.3014],[-60.468,-8.3366],[-60.4451,-8.3872],[-60.4895,-8.3979],[-60.4843,-8.4378],[-60.529,-8.495],[-60.5099,-8.5463],[-60.5227,-8.5595],[-60.4713,-8.5947],[-60.4564,-8.6275],[-60.4286,-8.6527],[-60.4248,-8.7418],[-60.3974,-8.7658],[-60.4202,-8.7966]]]},"properties":{"cd_geocmu":"1300144","nome":"Apuí","uf":"AM","hc-key":"br-am-1300144"}},{"type":"Feature","geometry":{"type":"Polygon","coordinates":[[[-60.9846,-2.8863],[-60.9838,-2.8656],[-60.9359,-2.837],[-60.9136,-2.8119],[-60.8732,-2.821],[-60.8626,-2.8375],[-60.7564,-2.8218],[-60.8027,-2.5392],[-60.7918,-2.4845],[-60.7737,-2.4536],[-60.7438,-2.4304],[-60.7689,-2.3995],[-60.6953,-2.3462],[-60.7114,-2.3201],[-60.6921,-2.2427],[-60.739,-2.1894],[-60.7002,-2.1732],[-60.664,-2.1307],[-60.682,-2.1081],[-60.6682,-2.0746],[-60.6222,-2.0463],[-60.599,-1.9988],[-60.5425,-2.0027],[-60.5036,-2.0175],[-60.4166,-1.9968],[-60.3578,-1.9545],[-60.4446,-1.9496],[-60.4815,-1.9182],[-60.5737,-1.9136],[-60.6171,-1.861],[-60.6094,-1.8355],[-60.6253,-1.786],[-60.6162,-1.7235],[-60.6262,-1.691],[-60.6132,-1.6457],[-60.5812,-1.604],[-60.582,-1.5718],[-60.6159,-1.5248],[-60.6703,-1.4888],[-60.7504,-1.4456],[-60.7805,-1.4396],[-60.8321,-1.4613],[-60.8542,-1.4343],[-60.8364,-1.4069],[-60.8476,-1.3593],[-60.8827,-1.3334],[-60.8903,-1.3086],[-60.9229,-1.3155],[-60.9632,-1.3075],[-60.9475,-1.2776],[-60.9045,-1.2512],[-60.8548,-1.26],[-60.8559,-1.2167],[-60.8268,-1.1249],[-60.8278,-1.0914],[-60.7835,-1.0883],[-60.7582,-1.0675],[-60.795,-1.0236],[-60.762,-0.8486],[-60.7632,-0.8126],[-60.787,-0.7844],[-60.7724,-0.7544],[-60.8062,-0.7401],[-60.8152,-0.6903],[-60.8552,-0.6863],[-60.8577,-0.6555],[-60.8915,-0.6453],[-60.9277,-0.6055],[-60.9213,-0.579],[-60.9336,-0.5479],[-60.9837,-0.5617],[-61.0569,-0.5439],[-61.079,-0.5061],[-61.1616,-0.5017],[-61.1689,-0.5163],[-61.2231,-0.4999],[-61.234,-0.5619],[-61.3092,-0.579],[-61.3289,-0.5972],[-61.3595,-0.5969],[-61.4287,-0.6495],[-61.4581,-0.6547],[-61.4846,-0.7169],[-61.5356,-0.7544],[-61.5567,-0.8649],[-61.5523,-0.8894],[-61.5765,-0.9111],[-61.5808,-0.978],[-61.551,-0.9832],[-61.5429,-1.0622],[-61.5728,-1.0758],[-61.5786,-1.1138],[-61.5661,-1.1291],[-61.6083,-1.2524],[-61.6269,-1.294],[-61.5822,-1.3534],[-61.6191,-1.3948],[-61.548,-1.4295],[-61.5236,-1.4906],[-61.4733,-1.5278],[-61.4747,-1.579],[-61.4625,-1.6069],[-61.4231,-1.6204],[-61.4138,-1.6369],[-61.4125,-1.7032],[-61.4243,-1.7567],[-61.4195,-1.7928],[-61.3863,-1.8632],[-61.3824,-1.8952],[-61.462,-1.9064],[-61.452,-1.9488],[-61.4998,-1.9674],[-61.5275,-1.9163],[-61.5389,-1.8677],[-61.5984,-1.8675],[-61.6109,-1.8327],[-61.6474,-1.8564],[-61.6831,-1.8922],[-61.7333,-1.8864],[-61.7636,-1.9198],[-61.8067,-1.9455],[-61.8273,-1.9262],[-61.8825,-1.9348],[-61.9204,-1.9264],[-61.9284,-1.9589],[-61.9572,-1.9725],[-61.9953,-2.0252],[-62.0471,-1.9751],[-62.0726,-2.0007],[-62.0844,-2.037],[-62.1228,-2.0906],[-62.1673,-2.1242],[-62.209,-2.1202],[-62.2921,-2.1603],[-62.3353,-2.1659],[-62.3537,-2.1938],[-62.4605,-2.2229],[-62.5138,-2.2444],[-62.5441,-2.2723],[-62.5916,-2.2814],[-62.6588,-2.2825],[-62.7179,-2.2766],[-62.7399,-2.2929],[-62.8539,-2.3363],[-62.9074,-2.4154],[-63.0326,-2.4513],[-63.0406,-2.4831],[-63.0751,-2.4771],[-63.1768,-2.4928],[-63.2342,-2.4831],[-63.2792,-2.4362],[-63.3051,-2.431],[-63.3692,-2.4899],[-63.424,-2.4701],[-63.4484,-2.4134],[-63.4763,-2.382],[-63.5193,-2.3917],[-63.5651,-2.3628],[-63.5935,-2.3565],[-63.6337,-2.3904],[-63.6947,-2.3785],[-63.7258,-2.4231],[-63.7505,-2.4386],[-63.8026,-2.4397],[-63.8228,-2.4307],[-63.8756,-2.4452],[-63.9575,-2.4448],[-63.9571,-2.4666],[-63.9882,-2.5279],[-63.9843,-2.5654],[-63.9646,-2.5754],[-63.9199,-2.5642],[-63.8363,-2.561],[-63.8184,-2.5478],[-63.7885,-2.5572],[-63.7673,-2.5932],[-63.7295,-2.6936],[-63.7145,-2.7624],[-63.7247,-2.8244],[-63.6916,-2.8346],[-63.6297,-2.8068],[-63.564,-2.7629],[-63.5251,-2.7538],[-63.4631,-2.7034],[-63.401,-2.707],[-63.3049,-2.7002],[-63.2836,-2.7108],[-63.2408,-2.7963],[-63.189,-2.8371],[-63.0956,-2.8318],[-63.0498,-2.8148],[-63.0097,-2.8408],[-62.9289,-2.8536],[-62.9152,-2.8811],[-62.9105,-2.9253],[-62.9335,-3.0009],[-62.8281,-3.003],[-62.78,-3.0202],[-62.7466,-3.061],[-62.7019,-3.0913],[-62.6265,-3.0931],[-62.5831,-3.1068],[-62.5362,-3.0724],[-62.496,-2.9819],[-62.4845,-2.8821],[-62.4693,-2.8519],[-62.4276,-2.8168],[-62.3858,-2.8066],[-62.3543,-2.774],[-62.2352,-2.7629],[-62.1585,-2.7293],[-62.093,-2.712],[-62.0609,-2.6627],[-62.0388,-2.6483],[-61.9639,-2.636],[-61.9242,-2.6095],[-61.8611,-2.6238],[-61.8103,-2.6101],[-61.7601,-2.6403],[-61.7463,-2.6928],[-61.7086,-2.7343],[-61.7055,-2.7716],[-61.733,-2.8227],[-61.7169,-2.8437],[-61.6622,-2.8611],[-61.6406,-2.8282],[-61.6081,-2.8344],[-61.513,-2.8151],[-61.4835,-2.7866],[-61.4491,-2.7611],[-61.4043,-2.7616],[-61.4027,-2.7327],[-61.3682,-2.7457],[-61.3136,-2.7394],[-61.2506,-2.741],[-61.222,-2.7645],[-61.1657,-2.7855],[-61.1441,-2.808],[-61.0613,-2.8138],[-60.9846,-2.8863]]]},"properties":{"cd_geocmu":"1303205","nome":"Novo Airão","uf":"AM","hc-key":"br-am-1303205"}},{"type":"Feature","geometry":{"type":"Polygon","coordinates":[[[-70.5152,-7.7924],[-70.055,-7.8451],[-69.8017,-8.0611],[-69.7873,-7.9984],[-69.8005,-7.9518],[-69.7849,-7.9085],[-69.7924,-7.8678],[-69.7307,-7.8203],[-69.7049,-7.7874],[-69.682,-7.7934],[-69.6252,-7.7524],[-69.5984,-7.6909],[-69.5698,-7.6866],[-69.5553,-7.6587],[-69.5874,-7.6272],[-69.5553,-7.5705],[-69.5657,-7.5573],[-69.5338,-7.4893],[-69.5088,-7.4589],[-69.5247,-7.4365],[-69.4911,-7.4049],[-69.5118,-7.3602],[-69.4889,-7.3378],[-69.4926,-7.2792],[-69.4744,-7.2522],[-69.491,-7.2032],[-69.5218,-7.1782],[-69.8694,-7.1736],[-69.8902,-7.2391],[-69.8687,-7.2431],[-69.8968,-7.2898],[-69.9486,-7.2907],[-69.9722,-7.2681],[-70.0077,-7.1807],[-70.0375,-7.1765],[-70.0557,-7.2611],[-70.1003,-7.2912],[-70.1269,-7.2808],[-70.1576,-7.3313],[-70.1937,-7.3624],[-70.2234,-7.3709],[-70.2707,-7.401],[-70.3556,-7.4854],[-70.3786,-7.4836],[-70.4558,-7.5142],[-70.501,-7.5147],[-70.5259,-7.5437],[-70.58,-7.5557],[-70.6078,-7.5464],[-70.665,-7.6094],[-70.7323,-7.5877],[-70.7964,-7.6089],[-70.8105,-7.6382],[-70.8329,-7.6447],[-70.8661,-7.6283],[-70.8932,-7.6661],[-70.9383,-7.6559],[-70.9848,-7.6773],[-71.0433,-7.6939],[-71.0885,-7.7263],[-70.5152,-7.7924]]]},"properties":{"cd_geocmu":"1301506","nome":"Envira","uf":"AM","hc-key":"br-am-1301506"}},{"type":"Feature","geometry":{"type":"Polygon","coordinates":[[[-70.1328,-4.2819],[-70.1712,-4.3002],[-70.1516,-4.3219],[-70.1999,-4.3586],[-70.2039,-4.3258],[-70.2597,-4.3085],[-70.3034,-4.2427],[-70.2805,-4.2345],[-70.286,-4.1718],[-70.3233,-4.1422],[-70.3327,-4.1773],[-70.3839,-4.1337],[-70.4334,-4.1315],[-70.4671,-4.1754],[-70.493,-4.1929],[-70.5209,-4.1386],[-70.5839,-4.1844],[-70.6162,-4.1934],[-70.6334,-4.1676],[-70.617,-4.1331],[-70.6428,-4.1271],[-70.6663,-4.1638],[-70.6727,-4.1959],[-70.7265,-4.1851],[-70.7635,-4.1599],[-70.8159,-4.1966],[-70.8175,-4.2306],[-70.8456,-4.2788],[-70.8738,-4.2899],[-70.8751,-4.3176],[-70.9024,-4.3286],[-70.9333,-4.3797],[-71.0435,-4.3793],[-71.1072,-4.3998],[-71.1513,-4.3831],[-71.2068,-4.3972],[-71.2339,-4.3839],[-71.2614,-4.3967],[-71.2625,-4.427],[-71.288,-4.442],[-71.3498,-4.4272],[-71.3969,-4.4325],[-71.4779,-4.4522],[-71.5541,-4.477],[-71.5682,-4.507],[-71.5947,-4.5275],[-71.6328,-4.5167],[-71.6265,-4.4903],[-71.7072,-4.5108],[-71.7403,-4.4921],[-71.769,-4.5045],[-71.7817,-4.484],[-71.8588,-4.5135],[-71.9052,-4.515],[-71.9198,-4.5617],[-71.9549,-4.6099],[-71.982,-4.6269],[-72.0373,-4.6375],[-72.0814,-4.6691],[-72.0806,-4.6837],[-72.1257,-4.7183],[-72.1915,-4.7449],[-72.2307,-4.7754],[-72.2584,-4.7741],[-72.3378,-4.8051],[-72.367,-4.8027],[-72.3765,-4.8416],[-72.4165,-4.9009],[-72.5037,-4.9404],[-72.522,-4.9336],[-72.5657,-4.9727],[-72.5994,-4.9843],[-72.6181,-5.0453],[-72.714,-5.056],[-72.7551,-5.0768],[-72.7693,-5.1],[-72.8011,-5.1114],[-72.8245,-5.1444],[-72.8604,-5.1394],[-72.8698,-5.1777],[-72.8673,-5.2871],[-72.8976,-5.3498],[-72.9204,-5.376],[-72.9244,-5.4077],[-72.9561,-5.4624],[-72.9607,-5.5204],[-72.9427,-5.5461],[-72.974,-5.6135],[-72.9588,-5.6557],[-72.9833,-5.6791],[-73.018,-5.7394],[-73.0464,-5.7752],[-73.1159,-5.8426],[-73.1289,-5.8706],[-73.156,-5.874],[-73.1801,-5.9265],[-73.1876,-6.0055],[-73.2327,-6.0358],[-73.2301,-6.0785],[-73.2497,-6.1226],[-73.237,-6.1627],[-73.2174,-6.1829],[-73.2163,-6.2252],[-73.1613,-6.2763],[-73.1571,-6.3267],[-73.1305,-6.3873],[-73.1058,-6.4046],[-73.1213,-6.431],[-73.1112,-6.4516],[-73.1346,-6.4834],[-73.1384,-6.514],[-73.1791,-6.5237],[-73.2001,-6.5694],[-73.2315,-6.5857],[-73.3524,-6.5933],[-73.3794,-6.6333],[-73.4398,-6.6514],[-73.4647,-6.6689],[-73.5376,-6.6844],[-73.5643,-6.7221],[-73.5854,-6.7244],[-73.6392,-6.7554],[-73.644,-6.7757],[-73.7111,-6.8405],[-73.7231,-6.8862],[-73.7615,-6.9388],[-73.7579,-7.06],[-73.7981,-7.1131],[-73.7382,-7.1347],[-73.7088,-7.0412],[-73.6662,-7.0007],[-73.6805,-6.9539],[-73.6279,-6.9366],[-73.5681,-6.9302],[-73.5357,-6.9422],[-73.5064,-6.9266],[-73.4536,-6.929],[-73.4448,-6.9456],[-73.3594,-6.9494],[-73.2983,-6.943],[-73.2602,-6.9206],[-73.1932,-6.9183],[-73.1404,-6.9461],[-73.1222,-6.9776],[-73.0101,-7.0283],[-72.9754,-7.0254],[-72.9075,-6.9973],[-72.8511,-7.0],[-72.8202,-6.9797],[-72.7849,-6.9723],[-72.7622,-6.938],[-72.7177,-6.9051],[-72.6852,-6.9044],[-72.6636,-6.9505],[-72.697,-6.9609],[-72.6985,-7.0099],[-72.6323,-7.0977],[-72.615,-7.1117],[-72.5695,-7.1138],[-72.5332,-7.1322],[-72.4328,-7.1125],[-72.3936,-7.1675],[-72.3873,-7.2045],[-72.3233,-7.2074],[-72.2904,-7.1801],[-72.2403,-7.1913],[-72.2155,-7.1809],[-72.1835,-7.1332],[-72.09,-7.1265],[-72.0519,-7.1029],[-71.9884,-7.0962],[-71.9774,-7.0606],[-71.9861,-7.0114],[-71.9428,-7.012],[-71.9271,-6.9892],[-71.8563,-6.999],[-71.794,-6.9795],[-71.8003,-6.9257],[-71.7509,-6.9043],[-71.7156,-6.9139],[-71.6832,-6.8856],[-71.6341,-6.9303],[-71.6481,-6.9512],[-71.6306,-6.973],[-71.5969,-6.9512],[-71.5877,-6.9266],[-71.5555,-6.9508],[-71.5363,-6.8644],[-71.502,-6.8492],[-71.4682,-6.8605],[-71.4455,-6.8094],[-71.4091,-6.7858],[-71.3433,-6.6813],[-71.3022,-6.6781],[-71.2318,-6.6158],[-71.1679,-6.6193],[-71.0862,-6.6065],[-71.0486,-6.5438],[-70.9889,-6.5343],[-70.9604,-6.5163],[-70.9362,-6.5267],[-70.9019,-6.4924],[-70.8537,-6.4938],[-70.8206,-6.4631],[-70.7987,-6.4171],[-70.7565,-6.3762],[-70.7392,-6.3751],[-70.7047,-6.335],[-70.6976,-6.3128],[-70.6636,-6.2994],[-70.6052,-6.2444],[-70.5809,-6.1545],[-70.5967,-6.139],[-70.5956,-6.0858],[-70.6324,-6.0194],[-70.6236,-5.9806],[-70.5748,-5.927],[-70.5564,-5.8675],[-70.5339,-5.8462],[-70.4804,-5.7569],[-70.4844,-5.727],[-70.4673,-5.7061],[-70.4657,-5.6703],[-70.4494,-5.6326],[-70.4602,-5.5989],[-70.4439,-5.5395],[-70.4459,-5.4984],[-70.4122,-5.4859],[-70.3864,-5.4279],[-70.353,-5.3793],[-70.3409,-5.3076],[-70.3036,-5.2478],[-70.282,-5.187],[-70.255,-5.1718],[-70.2498,-5.1405],[-70.2056,-5.1099],[-70.1715,-5.0757],[-70.1773,-5.0318],[-70.1556,-4.9865],[-70.1596,-4.8935],[-70.1272,-4.8679],[-70.1676,-4.7673],[-70.1995,-4.7622],[-70.2281,-4.6866],[-70.2594,-4.6502],[-70.1241,-4.5011],[-70.1336,-4.4871],[-70.1367,-4.3815],[-70.1453,-4.3647],[-70.1328,-4.2819]]]},"properties":{"cd_geocmu":"1300201","nome":"Atalaia do Norte","uf":"AM","hc-key":"br-am-1300201"}},{"type":"Feature","geometry":{"type":"Polygon","coordinates":[[[-57.889,-2.6089],[-57.8923,-2.5772],[-57.979,-2.6003],[-57.9724,-2.6311],[-58.0151,-2.6484],[-58.0779,-2.6268],[-58.1798,-2.5698],[-58.2086,-2.5202],[-58.2824,-2.4668],[-58.2558,-2.4302],[-58.2602,-2.396],[-58.2964,-2.407],[-58.3368,-2.3993],[-58.3605,-2.3384],[-58.4007,-2.3179],[-58.4441,-2.3106],[-58.4774,-2.2927],[-58.5595,-2.3154],[-58.6039,-2.289],[-58.6659,-2.317],[-58.6909,-2.3405],[-58.7248,-2.3452],[-58.742,-2.322],[-58.7231,-2.2976],[-58.7705,-2.2653],[-58.8192,-2.2673],[-58.8813,-2.2296],[-58.9256,-2.2556],[-58.9309,-2.2737],[-58.9766,-2.2508],[-59.0115,-2.2548],[-59.0502,-2.232],[-59.0743,-2.2444],[-59.0824,-2.276],[-59.1096,-2.2974],[-59.1333,-2.3413],[-59.173,-2.3858],[-59.272,-2.4476],[-59.2768,-2.4801],[-59.2386,-2.4697],[-59.1969,-2.471],[-59.1742,-2.4846],[-59.1559,-2.5175],[-59.1233,-2.5357],[-59.0824,-2.5752],[-59.0513,-2.587],[-59.022,-2.6064],[-59.0118,-2.5746],[-58.9591,-2.5581],[-58.9444,-2.5748],[-58.8994,-2.5896],[-58.88,-2.5729],[-58.8498,-2.6024],[-58.7805,-2.5882],[-58.7165,-2.6324],[-58.6846,-2.6632],[-58.5882,-2.6795],[-58.5033,-2.7027],[-58.4552,-2.6524],[-58.4267,-2.6569],[-58.3803,-2.6224],[-58.3372,-2.6251],[-58.3044,-2.6116],[-58.2545,-2.6266],[-58.2149,-2.6481],[-58.1851,-2.6818],[-58.1791,-2.7501],[-58.1104,-2.8592],[-58.0704,-2.8209],[-58.0401,-2.8075],[-57.9582,-2.7968],[-57.9172,-2.7581],[-57.9423,-2.7038],[-57.9357,-2.6177],[-57.889,-2.6089]]]},"properties":{"cd_geocmu":"1302009","nome":"Itapiranga","uf":"AM","hc-key":"br-am-1302009"}},{"type":"Feature","geometry":{"type":"Polygon","coordinates":[[[-60.7258,-5.1132],[-60.7456,-5.1462],[-60.7415,-5.1716],[-60.7816,-5.1969],[-60.8083,-5.2281],[-60.8358,-5.3025],[-60.8607,-5.3007],[-60.9049,-5.3174],[-60.9015,-5.3404],[-60.936,-5.375],[-60.8643,-5.3782],[-60.8208,-5.4028],[-60.7873,-5.387],[-60.7078,-5.3035],[-60.6183,-5.2934],[-60.5751,-5.2679],[-60.5749,-5.3527],[-60.5993,-5.3585],[-60.5993,-5.3899],[-60.5749,-5.4472],[-60.6008,-5.4585],[-60.6425,-5.5378],[-60.6335,-5.5588],[-60.6475,-5.6054],[-60.6256,-5.6586],[-60.6497,-5.6697],[-60.6486,-5.6987],[-60.6291,-5.7166],[-60.5934,-5.7069],[-60.5519,-5.7349],[-60.5383,-5.8277],[-60.5641,-5.8333],[-60.5838,-5.8678],[-60.5429,-5.9242],[-60.574,-5.9488],[-60.6222,-6.0173],[-60.6327,-6.0581],[-60.6157,-6.0748],[-60.5846,-6.0738],[-60.5868,-6.1129],[-60.5381,-6.1306],[-60.5569,-6.2067],[-60.5528,-6.2503],[-60.5251,-6.2679],[-60.516,-6.2957],[-60.5474,-6.3197],[-60.5437,-6.9355],[-60.9787,-6.9379],[-61.0739,-6.9352],[-61.1051,-6.9954],[-61.1481,-7.0236],[-61.1807,-7.0196],[-61.1551,-7.0998],[-61.2248,-7.1298],[-61.2436,-7.1448],[-61.205,-7.1905],[-61.2141,-7.2303],[-61.2071,-7.2562],[-61.2419,-7.2713],[-61.2419,-7.2993],[-61.3155,-7.34],[-61.339,-7.3844],[-61.3187,-7.4253],[-61.3141,-7.473],[-61.3012,-7.489],[-61.301,-7.5667],[-61.2902,-7.58],[-61.3016,-7.6268],[-61.2837,-7.6784],[-61.3228,-7.752],[-61.3397,-7.8542],[-61.3332,-7.912],[-61.3171,-7.94],[-61.2126,-8.0068],[-61.1633,-7.9886],[-61.1424,-8.0084],[-61.1463,-8.0618],[-61.1245,-8.0848],[-61.1366,-8.1098],[-61.134,-8.1542],[-61.0836,-8.1899],[-61.0826,-8.2181],[-61.1094,-8.2606],[-61.146,-8.2642],[-61.1952,-8.2521],[-61.2516,-8.2722],[-61.2745,-8.2578],[-61.2882,-8.2104],[-61.2887,-8.1675],[-61.3298,-8.1293],[-61.3939,-8.0518],[-61.4196,-8.0412],[-61.4254,-8.0041],[-61.4723,-8.0564],[-61.4921,-8.1178],[-61.48,-8.1692],[-61.4498,-8.2048],[-61.4514,-8.2984],[-61.472,-8.3414],[-61.4548,-8.3886],[-61.5007,-8.4363],[-61.4633,-8.4692],[-61.4635,-8.5503],[-61.4989,-8.5507],[-61.5215,-8.5739],[-61.496,-8.671],[-61.5389,-8.6931],[-61.6203,-8.647],[-61.6832,-8.6514],[-61.7133,-8.6879],[-61.6265,-8.7289],[-61.6296,-8.753],[-61.606,-8.7947],[-61.5831,-8.7987],[-61.3104,-8.7985],[-60.8352,-8.7981],[-60.4202,-8.7966],[-60.3974,-8.7658],[-60.4248,-8.7418],[-60.4286,-8.6527],[-60.4564,-8.6275],[-60.4713,-8.5947],[-60.5227,-8.5595],[-60.5099,-8.5463],[-60.529,-8.495],[-60.4843,-8.4378],[-60.4895,-8.3979],[-60.4451,-8.3872],[-60.468,-8.3366],[-60.4548,-8.3014],[-60.4871,-8.2925],[-60.4508,-8.1738],[-60.4409,-8.1011],[-60.4555,-8.0273],[-60.4823,-7.9984],[-60.5255,-7.8907],[-60.5148,-7.866],[-60.5489,-7.8304],[-60.5396,-7.798],[-60.5642,-7.7906],[-60.5629,-7.756],[-60.5878,-7.7086],[-60.6445,-7.7047],[-60.6739,-7.6781],[-60.6625,-7.6481],[-60.6777,-7.6069],[-60.6685,-7.5659],[-60.6756,-7.531],[-60.6473,-7.4813],[-60.6519,-7.4085],[-60.637,-7.3459],[-60.6327,-7.2893],[-60.6523,-7.229],[-60.6496,-7.2023],[-60.6694,-7.1662],[-60.6969,-7.1463],[-60.1285,-6.9128],[-59.8727,-6.8121],[-59.9027,-6.7946],[-59.9057,-6.7467],[-59.9326,-6.7272],[-59.9216,-6.687],[-59.9298,-6.6378],[-59.9563,-6.6217],[-59.9288,-6.5713],[-59.9335,-6.5556],[-59.8983,-6.5277],[-59.8559,-6.5241],[-59.8452,-6.4782],[-59.8176,-6.4301],[-59.7971,-6.459],[-59.7668,-6.4701],[-59.749,-6.4483],[-59.6609,-6.4643],[-59.6315,-6.4769],[-59.6098,-6.4605],[-59.3154,-6.461],[-59.3097,-6.444],[-59.3277,-6.3727],[-59.3558,-6.3411],[-59.3497,-6.3176],[-59.3806,-6.3019],[-59.3306,-6.2283],[-59.3301,-6.2029],[-59.359,-6.1674],[-59.3672,-6.1092],[-59.3928,-6.0628],[-59.4119,-6.0492],[-59.4094,-6.0087],[-59.4522,-5.9945],[-59.4619,-5.9444],[-59.4991,-5.9274],[-59.5234,-5.8929],[-59.5549,-5.821],[-59.6058,-5.7764],[-59.6151,-5.6916],[-59.5917,-5.6366],[-59.5743,-5.6242],[-59.5443,-5.5558],[-59.547,-5.5183],[-59.6012,-5.4791],[-59.6802,-5.5032],[-59.7021,-5.4998],[-59.7278,-5.4485],[-59.7229,-5.3945],[-59.6993,-5.3546],[-59.696,-5.319],[-59.6708,-5.2823],[-59.9454,-4.8681],[-59.976,-4.8749],[-60.0833,-4.923],[-60.1184,-4.924],[-60.1721,-4.9019],[-60.2212,-4.9164],[-60.2583,-4.9982],[-60.2876,-5.0425],[-60.7031,-5.0422],[-60.6942,-5.0727],[-60.7258,-5.1132]]]},"properties":{"cd_geocmu":"1303304","nome":"Novo Aripuanã","uf":"AM","hc-key":"br-am-1303304"}},{"type":"Feature","geometry":{"type":"Polygon","coordinates":[[[-66.5977,-3.1407],[-66.5365,-3.1498],[-66.5114,-3.1407],[-66.4064,-3.1354],[-66.3587,-3.143],[-66.3274,-3.1584],[-66.2655,-3.124],[-66.2095,-3.0682],[-66.2193,-3.0542],[-66.1987,-3.0102],[-66.1926,-2.9607],[-66.1665,-2.9248],[-66.1253,-2.8959],[-66.089,-2.8118],[-66.0715,-2.7926],[-66.0531,-2.725],[-66.0229,-2.7132],[-65.9874,-2.6755],[-65.968,-2.6276],[-65.9466,-2.6073],[-65.8785,-2.5991],[-65.8585,-2.6124],[-65.7987,-2.592],[-65.8181,-2.5024],[-65.7727,-2.4815],[-65.7215,-2.5274],[-65.7157,-2.6089],[-65.707,-2.6272],[-65.6638,-2.6622],[-65.5894,-2.6574],[-65.524,-2.6018],[-65.4806,-2.5336],[-65.4509,-2.5164],[-65.3992,-2.4701],[-65.3977,-2.4505],[-65.3402,-2.4738],[-65.3096,-2.4315],[-65.3094,-2.4103],[-65.3849,-2.3827],[-65.353,-2.3631],[-65.32,-2.3615],[-65.2554,-2.3826],[-65.2746,-2.3654],[-65.2802,-2.3167],[-65.3279,-2.3513],[-65.3713,-2.3391],[-65.4158,-2.3515],[-65.4268,-2.3925],[-65.4721,-2.4008],[-65.475,-2.3661],[-65.4574,-2.33],[-65.5141,-2.3208],[-65.5167,-2.3466],[-65.4851,-2.3551],[-65.5046,-2.3888],[-65.5551,-2.3578],[-65.5877,-2.3844],[-65.6158,-2.3595],[-65.5954,-2.3159],[-65.6,-2.2793],[-65.5852,-2.255],[-65.6161,-2.2375],[-65.6523,-2.2512],[-65.6635,-2.2756],[-65.6983,-2.2601],[-65.7302,-2.264],[-65.8,-2.2525],[-65.8103,-2.2674],[-65.8501,-2.2478],[-65.8623,-2.288],[-65.8973,-2.3052],[-65.9016,-2.2602],[-65.9339,-2.2578],[-65.9471,-2.2336],[-65.9575,-2.1638],[-66.0014,-2.1448],[-66.0182,-2.1415],[-66.0395,-2.0872],[-66.0565,-2.0739],[-66.0904,-2.0783],[-66.1696,-2.0642],[-66.1619,-2.0013],[-66.1766,-1.9863],[-66.2569,-2.0263],[-66.3052,-2.0298],[-66.323,-2.0565],[-66.3575,-2.0439],[-66.405,-1.9959],[-66.4262,-1.9402],[-66.4601,-1.9344],[-66.5189,-1.9795],[-66.5387,-2.0245],[-66.5292,-2.0643],[-66.5585,-2.1079],[-66.5998,-2.1178],[-66.6212,-2.151],[-66.6723,-2.1507],[-66.7142,-2.1658],[-66.7788,-2.1537],[-66.7858,-2.1957],[-66.8257,-2.2005],[-66.8575,-2.2202],[-66.9218,-2.2295],[-66.969,-2.2513],[-67.0411,-2.2568],[-67.0785,-2.2741],[-67.1326,-2.2475],[-67.2041,-2.2459],[-67.2094,-2.222],[-67.3093,-2.1731],[-67.2704,-2.2311],[-67.2423,-2.2401],[-67.2427,-2.2658],[-67.2736,-2.3039],[-67.2195,-2.3164],[-67.1702,-2.3927],[-67.1932,-2.4079],[-67.2458,-2.4757],[-67.2178,-2.5142],[-67.2009,-2.5979],[-67.1306,-2.6237],[-67.0959,-2.6083],[-67.057,-2.6165],[-67.0417,-2.645],[-67.048,-2.6977],[-67.0239,-2.7154],[-66.9758,-2.7282],[-66.922,-2.7154],[-66.8901,-2.6656],[-66.8598,-2.6573],[-66.8032,-2.6833],[-66.7628,-2.7171],[-66.7305,-2.7182],[-66.6631,-2.683],[-66.609,-2.6421],[-66.5988,-2.5884],[-66.6206,-2.5469],[-66.6177,-2.5024],[-66.6482,-2.422],[-66.6411,-2.3887],[-66.5968,-2.3778],[-66.5613,-2.3988],[-66.5106,-2.3992],[-66.4471,-2.3898],[-66.4135,-2.4031],[-66.4021,-2.4317],[-66.4036,-2.5065],[-66.3721,-2.5561],[-66.3332,-2.5625],[-66.3375,-2.6006],[-66.3739,-2.6471],[-66.2986,-2.7033],[-66.35,-2.7204],[-66.393,-2.7155],[-66.4123,-2.6904],[-66.4632,-2.6914],[-66.4895,-2.7421],[-66.5915,-2.7852],[-66.5936,-2.8026],[-66.5566,-2.8521],[-66.57,-2.8865],[-66.6001,-2.8986],[-66.6218,-2.9434],[-66.5895,-2.9983],[-66.6175,-3.0584],[-66.5976,-3.0975],[-66.5977,-3.1407]]]},"properties":{"cd_geocmu":"1301605","nome":"Fonte Boa","uf":"AM","hc-key":"br-am-1301605"}},{"type":"Feature","geometry":{"type":"Polygon","coordinates":[[[-56.9138,-3.5623],[-56.9742,-3.5838],[-56.9897,-3.5767],[-57.0228,-3.6024],[-57.0721,-3.5934],[-57.1221,-3.602],[-57.1167,-3.6317],[-57.1469,-3.6615],[-57.1819,-3.6595],[-57.2,-3.6767],[-57.2451,-3.6739],[-57.2668,-3.6071],[-57.2948,-3.611],[-57.3261,-3.5881],[-57.3702,-3.5139],[-57.435,-3.5003],[-57.4875,-3.4434],[-57.5096,-3.3701],[-57.5159,-3.3245],[-57.5675,-3.3215],[-57.5894,-3.34],[-57.6218,-3.3061],[-57.6366,-3.2482],[-57.6336,-3.1789],[-57.6162,-3.1337],[-57.7959,-3.1336],[-57.7943,-3.1666],[-57.8093,-3.2249],[-57.835,-3.2777],[-57.878,-3.2933],[-57.9006,-3.2843],[-57.9508,-3.3442],[-58.0623,-3.3393],[-58.0705,-3.3064],[-58.1082,-3.3483],[-58.1506,-3.3451],[-58.1771,-3.3677],[-58.174,-3.4146],[-58.1814,-3.4966],[-58.3703,-3.5003],[-58.3838,-3.5619],[-58.3496,-3.5828],[-58.2407,-3.6111],[-58.2283,-3.6513],[-58.2011,-3.6666],[-58.2169,-3.6973],[-58.2541,-3.6873],[-58.2987,-3.6997],[-58.3092,-3.7435],[-58.2863,-3.8128],[-58.3467,-3.8866],[-58.407,-3.8948],[-58.4647,-3.9247],[-58.4572,-3.9586],[-58.4348,-3.9893],[-58.3831,-4.0129],[-58.3479,-4.057],[-58.3345,-4.0904],[-58.3084,-4.1178],[-58.3211,-4.142],[-58.2815,-4.1615],[-58.2536,-4.2261],[-58.2194,-4.2317],[-58.1836,-4.2176],[-58.1554,-4.2401],[-58.1196,-4.3708],[-58.1327,-4.4099],[-58.127,-4.4308],[-58.1837,-4.4565],[-58.2148,-4.5143],[-58.2028,-4.5481],[-58.2336,-4.5509],[-58.2306,-4.6024],[-58.2711,-4.6555],[-58.2742,-4.7265],[-58.3007,-4.7496],[-58.3059,-4.8006],[-58.331,-4.8178],[-58.3259,-4.8397],[-58.3653,-4.8548],[-58.3418,-4.8918],[-58.3843,-4.9321],[-58.4034,-4.967],[-58.4081,-5.0133],[-58.4504,-5.0395],[-58.4797,-5.0861],[-58.4765,-5.107],[-58.58,-5.1333],[-58.5848,-5.1785],[-58.6338,-5.1821],[-58.6534,-5.2034],[-58.6544,-5.2307],[-58.6865,-5.2313],[-58.7371,-5.2925],[-58.7378,-5.3308],[-58.7762,-5.3301],[-58.8112,-5.3419],[-58.8116,-5.4262],[-58.8377,-5.4516],[-58.828,-5.4687],[-58.855,-5.5307],[-58.8497,-5.558],[-58.8244,-5.5851],[-58.8329,-5.6564],[-58.8461,-5.6727],[-58.8206,-5.7174],[-58.8145,-5.7915],[-58.8303,-5.8163],[-58.8147,-5.8364],[-58.8258,-5.8825],[-58.8129,-5.9204],[-58.824,-5.947],[-58.8313,-6.0137],[-58.8117,-6.0352],[-58.8021,-6.0754],[-58.831,-6.1327],[-58.8426,-6.1974],[-58.9108,-6.2544],[-58.9194,-6.2846],[-58.9066,-6.3229],[-58.8684,-6.3529],[-58.8553,-6.3815],[-58.8371,-6.4227],[-58.8359,-6.4709],[-58.8669,-6.5435],[-58.8747,-6.5895],[-58.8645,-6.6282],[-58.868,-6.6754],[-58.8327,-6.7448],[-58.7941,-6.7767],[-58.785,-6.8323],[-58.744,-6.8869],[-58.6756,-6.9284],[-58.6328,-7.008],[-58.6016,-7.0373],[-58.5418,-7.0361],[-58.4967,-7.0521],[-58.5063,-7.1143],[-58.5379,-7.1653],[-58.529,-7.1865],[-58.5639,-7.1989],[-58.5297,-7.2376],[-58.574,-7.2876],[-58.5404,-7.3425],[-58.5003,-7.3501],[-58.1474,-7.3432],[-58.17,-7.3132],[-58.1678,-7.2392],[-58.181,-7.1817],[-58.2399,-7.0955],[-58.2883,-7.0617],[-58.3354,-6.9864],[-58.3802,-6.9705],[-58.4346,-6.9088],[-58.4818,-6.7814],[-58.4785,-6.6996],[-58.4273,-6.6162],[-58.3499,-6.5624],[-58.3271,-6.5004],[-58.2667,-6.4756],[-58.1738,-6.279],[-58.0336,-5.9781],[-57.8606,-5.6007],[-57.7718,-5.4071],[-57.5856,-5.0007],[-57.3502,-4.5018],[-57.2136,-4.2116],[-57.0005,-3.7591],[-56.9561,-3.6586],[-56.9138,-3.5623]]]},"properties":{"cd_geocmu":"1302900","nome":"Maués","uf":"AM","hc-key":"br-am-1302900"}},{"type":"Feature","geometry":{"type":"Polygon","coordinates":[[[-62.3618,-4.0904],[-62.3922,-4.0768],[-62.4418,-4.0809],[-62.4943,-4.0382],[-62.528,-4.0333],[-62.5707,-4.0023],[-62.5617,-3.9481],[-62.5776,-3.9251],[-62.5806,-3.8578],[-63.0032,-3.5759],[-63.0468,-3.5689],[-63.1069,-3.6091],[-63.1509,-3.6185],[-63.1989,-3.5994],[-63.2416,-3.5426],[-63.2769,-3.5173],[-63.3445,-3.5039],[-63.3745,-3.4886],[-63.4544,-3.4247],[-63.4772,-3.3943],[-63.6525,-3.3383],[-63.6748,-3.2949],[-63.7232,-3.2677],[-63.7513,-3.2249],[-63.7715,-3.2252],[-63.8117,-3.1657],[-63.8233,-3.1342],[-63.857,-3.0886],[-63.8711,-3.0453],[-63.8635,-3.0195],[-63.8764,-2.9735],[-63.9092,-2.9335],[-63.9049,-2.9047],[-63.9474,-2.8795],[-63.9366,-2.8531],[-63.9688,-2.8096],[-63.9669,-2.7607],[-63.9542,-2.6969],[-63.9754,-2.6566],[-64.0281,-2.6536],[-64.046,-2.6085],[-64.083,-2.5545],[-64.0852,-2.5066],[-64.103,-2.4621],[-64.1689,-2.4307],[-64.2307,-2.4297],[-64.3024,-2.381],[-64.3708,-2.3604],[-64.3867,-2.3432],[-64.3672,-2.2651],[-64.4172,-2.2844],[-64.4503,-2.2837],[-64.4481,-2.324],[-64.5164,-2.3113],[-64.5293,-2.3368],[-64.5181,-2.3773],[-64.4919,-2.4301],[-64.4903,-2.4603],[-64.4613,-2.4708],[-64.465,-2.5224],[-64.4347,-2.5521],[-64.4214,-2.6034],[-64.4254,-2.6392],[-64.3591,-2.6506],[-64.3377,-2.6927],[-64.3575,-2.7204],[-64.4168,-2.7181],[-64.4279,-2.7344],[-64.5059,-2.7387],[-64.4968,-2.7934],[-64.4761,-2.8131],[-64.4483,-2.8634],[-64.4474,-2.9291],[-64.4359,-2.9479],[-64.379,-2.9871],[-64.3621,-3.0121],[-64.3305,-3.0269],[-64.3212,-3.0962],[-64.2693,-3.1078],[-64.2914,-3.1518],[-64.2547,-3.1703],[-64.2374,-3.2034],[-64.1941,-3.2514],[-64.1685,-3.247],[-64.1111,-3.3121],[-64.0874,-3.3303],[-64.0835,-3.3569],[-64.1285,-3.3647],[-64.1518,-3.4211],[-64.1378,-3.4486],[-64.1582,-3.4774],[-64.1584,-3.5112],[-64.1289,-3.5166],[-64.1089,-3.5389],[-64.0626,-3.5436],[-64.0202,-3.6229],[-63.9864,-3.6028],[-63.9196,-3.6565],[-63.9265,-3.7369],[-63.8816,-3.792],[-63.8446,-3.7986],[-63.8276,-3.7797],[-63.786,-3.7995],[-63.867,-3.8112],[-63.9421,-3.8129],[-63.9777,-3.7645],[-63.9878,-3.7068],[-64.0716,-3.7043],[-64.0765,-3.7674],[-64.111,-3.7598],[-64.1599,-3.8116],[-64.1666,-3.8655],[-64.237,-3.8936],[-64.2509,-3.8879],[-64.2885,-3.9464],[-64.3527,-3.976],[-64.3803,-3.9667],[-64.4392,-3.9876],[-64.4842,-3.9676],[-64.5259,-3.9594],[-64.5648,-3.9901],[-64.5671,-4.0332],[-64.6113,-4.0652],[-64.66,-4.1284],[-64.6961,-4.1167],[-64.718,-4.1426],[-64.7315,-4.1959],[-64.777,-4.2067],[-64.8146,-4.2671],[-64.864,-4.2893],[-64.8903,-4.2829],[-64.9455,-4.2981],[-64.9794,-4.2835],[-65.0033,-4.3104],[-65.0155,-4.3618],[-65.018,-4.4136],[-65.0475,-4.4442],[-65.0921,-4.4551],[-65.1232,-4.5169],[-65.2575,-4.6202],[-65.3189,-4.6228],[-65.364,-4.61],[-65.3818,-4.6537],[-65.4466,-4.6803],[-65.463,-4.7622],[-65.5164,-4.8158],[-65.542,-4.8551],[-65.5747,-4.8844],[-65.571,-4.9442],[-65.623,-5.0238],[-65.6863,-5.0448],[-65.6978,-5.1054],[-65.6599,-5.1067],[-65.6501,-5.135],[-65.7003,-5.1893],[-65.6785,-5.2612],[-65.6766,-5.2994],[-65.6908,-5.3108],[-65.7274,-5.2858],[-65.7702,-5.3066],[-65.8039,-5.2993],[-65.8532,-5.3237],[-65.889,-5.3778],[-65.9006,-5.437],[-65.8757,-5.4482],[-65.8448,-5.4923],[-65.7855,-5.4917],[-65.7531,-5.4515],[-65.73,-5.4459],[-65.7102,-5.5141],[-65.6892,-5.5467],[-65.6653,-5.5529],[-65.626,-5.5225],[-65.6097,-5.5272],[-65.6005,-5.573],[-65.5693,-5.6134],[-65.5295,-5.6425],[-65.4527,-5.6739],[-65.3986,-5.6449],[-65.3566,-5.6459],[-65.3237,-5.6868],[-65.2584,-5.7074],[-65.241,-5.7405],[-65.1968,-5.7346],[-65.1465,-5.6965],[-65.1172,-5.7041],[-65.0693,-5.7522],[-64.9614,-5.7454],[-64.9069,-5.7593],[-64.8558,-5.7844],[-64.8129,-5.787],[-64.7638,-5.8048],[-64.7233,-5.8026],[-64.6702,-5.7686],[-64.6038,-5.6984],[-64.5424,-5.684],[-64.5244,-5.6998],[-64.4767,-5.6703],[-64.4739,-5.6346],[-64.4522,-5.6002],[-64.4433,-5.5633],[-64.4054,-5.5492],[-64.2987,-5.4806],[-64.2324,-5.4739],[-64.1643,-5.4258],[-64.1112,-5.4233],[-64.0862,-5.374],[-64.0491,-5.3255],[-64.0257,-5.2672],[-63.945,-5.2361],[-63.9268,-5.2102],[-63.883,-5.1938],[-63.8252,-5.1524],[-63.7132,-5.1111],[-63.6924,-5.1127],[-63.6371,-5.1432],[-63.6035,-5.1364],[-63.5541,-5.1561],[-63.4415,-5.1509],[-63.3721,-5.1218],[-63.342,-5.0542],[-63.3409,-5.0006],[-63.3027,-4.963],[-63.2782,-4.9266],[-63.2484,-4.9066],[-63.2212,-4.8163],[-63.1779,-4.7682],[-63.1293,-4.7606],[-63.0938,-4.7345],[-63.0519,-4.7243],[-63.0311,-4.7052],[-62.9542,-4.5185],[-62.8951,-4.5151],[-62.8883,-4.4884],[-62.8139,-4.4701],[-62.7751,-4.5012],[-62.7519,-4.4628],[-62.7268,-4.4785],[-62.7159,-4.4477],[-62.6935,-4.4318],[-62.6955,-4.3951],[-62.658,-4.389],[-62.6497,-4.4207],[-62.6191,-4.442],[-62.5919,-4.4118],[-62.5551,-4.4177],[-62.5346,-4.3971],[-62.5401,-4.3629],[-62.4716,-4.296],[-62.4683,-4.2588],[-62.4349,-4.2291],[-62.379,-4.2513],[-62.2942,-4.2498],[-62.2631,-4.224],[-62.288,-4.2016],[-62.2859,-4.1634],[-62.3554,-4.1082],[-62.3618,-4.0904]]]},"properties":{"cd_geocmu":"1301209","nome":"Coari","uf":"AM","hc-key":"br-am-1301209"}},{"type":"Feature","geometry":{"type":"Polygon","coordinates":[[[-61.4105,-3.6221],[-61.3323,-3.6962],[-61.1469,-3.7008],[-61.139,-3.764],[-61.1134,-3.7965],[-61.0621,-3.7949],[-61.0447,-3.8215],[-61.0155,-3.7826],[-60.9384,-3.7616],[-60.9191,-3.7751],[-60.8755,-3.7436],[-60.8066,-3.7366],[-60.776,-3.7251],[-60.7079,-3.7155],[-60.6626,-3.6322],[-60.6668,-3.6166],[-60.6274,-3.5395],[-60.6284,-3.4887],[-60.6399,-3.4482],[-60.3953,-3.3055],[-60.3547,-3.3056],[-60.3106,-3.2696],[-60.3331,-3.2409],[-60.3746,-3.1665],[-60.3747,-3.1322],[-60.459,-3.1173],[-60.5863,-3.1157],[-60.6141,-3.1305],[-60.6837,-3.1459],[-60.718,-3.1043],[-60.7717,-3.0933],[-60.8103,-3.0993],[-60.8606,-3.0496],[-60.9018,-3.0529],[-60.9476,-3.0034],[-60.9837,-3.0056],[-60.9789,-2.9401],[-60.9616,-2.9279],[-60.9846,-2.8863],[-61.0613,-2.8138],[-61.1441,-2.808],[-61.1657,-2.7855],[-61.222,-2.7645],[-61.2506,-2.741],[-61.3136,-2.7394],[-61.3682,-2.7457],[-61.4027,-2.7327],[-61.4043,-2.7616],[-61.4491,-2.7611],[-61.4835,-2.7866],[-61.4833,-2.8128],[-61.4369,-2.8458],[-61.4085,-2.8813],[-61.3819,-2.9924],[-61.3608,-3.0029],[-61.3489,-3.1161],[-61.3208,-3.1479],[-61.319,-3.1975],[-61.2828,-3.2046],[-61.2273,-3.2364],[-61.1506,-3.2536],[-61.119,-3.2529],[-61.0984,-3.2923],[-61.1144,-3.3184],[-61.1097,-3.3457],[-61.0735,-3.3853],[-61.0727,-3.4387],[-61.0897,-3.4523],[-61.1298,-3.4111],[-61.1511,-3.4091],[-61.1973,-3.4406],[-61.2115,-3.4949],[-61.3024,-3.5004],[-61.291,-3.5416],[-61.2884,-3.6003],[-61.3664,-3.5992],[-61.4105,-3.6221]]]},"properties":{"cd_geocmu":"1302504","nome":"Manacapuru","uf":"AM","hc-key":"br-am-1302504"}},{"type":"Feature","geometry":{"type":"Polygon","coordinates":[[[-60.8071,-4.1816],[-60.7981,-4.1681],[-60.6051,-4.0254],[-60.6059,-3.9812],[-60.593,-3.9508],[-60.5917,-3.9014],[-60.5749,-3.8731],[-60.5715,-3.8304],[-60.5477,-3.8235],[-60.4757,-3.7654],[-60.4486,-3.7175],[-60.4246,-3.7118],[-60.4545,-3.6303],[-60.4093,-3.5907],[-60.3275,-3.6577],[-60.3088,-3.6434],[-60.3141,-3.5888],[-60.2923,-3.5504],[-60.2937,-3.5222],[-60.2638,-3.4986],[-60.3022,-3.4435],[-60.2138,-3.3682],[-60.1854,-3.3586],[-60.1825,-3.3545],[-60.2319,-3.36],[-60.3156,-3.3125],[-60.3547,-3.3056],[-60.3953,-3.3055],[-60.6399,-3.4482],[-60.6284,-3.4887],[-60.6274,-3.5395],[-60.6668,-3.6166],[-60.6626,-3.6322],[-60.7079,-3.7155],[-60.776,-3.7251],[-60.8066,-3.7366],[-60.8755,-3.7436],[-60.9191,-3.7751],[-60.9384,-3.7616],[-61.0155,-3.7826],[-61.0447,-3.8215],[-61.0507,-3.8652],[-61.0877,-3.918],[-61.1637,-3.9749],[-61.1637,-4.1407],[-61.1318,-4.1256],[-61.0979,-4.1345],[-61.0488,-4.1221],[-61.0277,-4.0825],[-60.9665,-4.1068],[-60.9623,-4.1352],[-60.9242,-4.1309],[-60.8939,-4.1706],[-60.8378,-4.1526],[-60.8071,-4.1816]]]},"properties":{"cd_geocmu":"1302553","nome":"Manaquiri","uf":"AM","hc-key":"br-am-1302553"}},{"type":"Feature","geometry":{"type":"Polygon","coordinates":[[[-70.0471,0.0683],[-69.9983,0.0594],[-69.9876,0.0461],[-69.9845,-0.0057],[-69.9519,-0.0206],[-69.9419,-0.0854],[-69.9063,-0.1084],[-69.8835,-0.1434],[-69.8481,-0.1232],[-69.8126,-0.1184],[-69.798,-0.0813],[-69.7577,-0.0986],[-69.7564,-0.1484],[-69.7345,-0.1678],[-69.6769,-0.1676],[-69.6042,-0.2209],[-69.6039,-0.3105],[-69.5751,-0.3343],[-69.5432,-0.3382],[-69.4877,-0.3715],[-69.4858,-0.401],[-69.4089,-0.4069],[-69.3744,-0.4387],[-69.354,-0.4772],[-69.3094,-0.4895],[-69.2699,-0.5214],[-69.219,-0.5115],[-69.1586,-0.5385],[-69.1175,-0.534],[-69.1047,-0.5158],[-69.0635,-0.4997],[-69.0326,-0.5031],[-69.0141,-0.485],[-68.962,-0.4775],[-68.9201,-0.4846],[-68.7802,-0.5499],[-68.6974,-0.5711],[-68.6681,-0.619],[-68.6231,-0.6688],[-68.6208,-0.6981],[-68.5954,-0.7241],[-68.5039,-0.7573],[-68.4258,-0.7571],[-68.4046,-0.735],[-68.3576,-0.7291],[-68.2874,-0.6798],[-68.2243,-0.661],[-68.1651,-0.6711],[-68.1611,-0.9991],[-68.1607,-1.4834],[-68.1272,-1.4997],[-68.0889,-1.4988],[-68.0353,-1.4746],[-67.9626,-1.4903],[-67.9341,-1.5126],[-67.9046,-1.5174],[-67.8317,-1.4819],[-67.8005,-1.4867],[-67.7448,-1.522],[-67.7114,-1.5279],[-67.6495,-1.5121],[-67.6161,-1.4736],[-67.5563,-1.4616],[-67.5193,-1.4327],[-67.4985,-1.3546],[-67.3696,-1.2791],[-67.3209,-1.2635],[-67.2691,-1.236],[-67.2097,-1.1898],[-67.1821,-1.1794],[-67.1256,-1.135],[-67.0752,-1.1394],[-67.0159,-1.1667],[-66.9478,-1.1483],[-66.912,-1.1159],[-66.9157,-1.0947],[-66.9544,-1.0353],[-66.9245,-0.9752],[-66.843,-0.9688],[-66.8081,-0.9847],[-66.764,-0.9892],[-66.741,-0.9493],[-66.7397,-0.9018],[-66.7163,-0.8533],[-66.6912,-0.8277],[-66.7257,-0.8],[-66.7024,-0.7617],[-66.7101,-0.6916],[-66.6444,-0.648],[-66.6089,-0.6338],[-66.5678,-0.6041],[-66.5085,-0.585],[-66.4908,-0.5602],[-66.4594,-0.5555],[-66.4068,-0.6017],[-66.3338,-0.5781],[-66.2836,-0.5377],[-66.2853,-0.5081],[-66.2533,-0.4818],[-66.1348,-0.4801],[-66.1205,-0.4269],[-66.0977,-0.4124],[-66.0926,-0.3676],[-66.067,-0.3545],[-66.0121,-0.3515],[-65.9902,-0.3283],[-65.9395,-0.331],[-65.8907,-0.3104],[-65.8889,-0.2609],[-65.9024,-0.2122],[-65.9228,-0.1848],[-65.9452,-0.1948],[-65.9759,-0.1829],[-65.9982,-0.2076],[-66.001,-0.2358],[-66.0471,-0.2443],[-66.0525,-0.2109],[-66.0817,-0.1689],[-66.0827,-0.1364],[-66.1186,-0.117],[-66.0818,-0.0822],[-66.1163,-0.0466],[-66.1151,0.032],[-66.1361,0.0461],[-66.1884,0.1111],[-66.2461,0.1057],[-66.2718,0.1257],[-66.3288,0.1445],[-66.339,0.1644],[-66.3921,0.177],[-66.4101,0.222],[-66.3631,0.2711],[-66.3214,0.2919],[-66.3108,0.3402],[-66.2909,0.344],[-66.3087,0.4511],[-66.266,0.4959],[-66.2079,0.5313],[-66.1867,0.5323],[-66.1241,0.5737],[-66.1388,0.6292],[-66.2352,0.6842],[-66.2566,0.7125],[-66.3165,0.7361],[-66.3185,0.752],[-66.5931,0.9952],[-66.8569,1.228],[-67.0892,1.1656],[-67.0982,1.2547],[-67.1467,1.3037],[-67.1497,1.3456],[-67.1105,1.336],[-67.0896,1.3486],[-67.0802,1.3957],[-67.0869,1.4145],[-67.0772,1.4693],[-67.1012,1.509],[-67.0985,1.5522],[-67.1125,1.5907],[-67.1327,1.5989],[-67.1421,1.7008],[-67.138,1.7636],[-67.1262,1.7767],[-67.1746,1.8411],[-67.2398,1.8655],[-67.2589,1.8548],[-67.3208,1.9144],[-67.3347,1.9794],[-67.3524,2.0001],[-67.344,2.0362],[-67.3493,2.0831],[-67.3763,2.1588],[-67.3719,2.2185],[-67.3979,2.2353],[-67.4443,2.2168],[-67.4558,2.1683],[-67.5082,2.1663],[-67.5428,2.1528],[-67.562,2.1103],[-67.5877,2.0868],[-67.606,2.0396],[-67.6562,1.9919],[-67.6905,2.0005],[-67.7481,2.0359],[-67.8073,1.9863],[-67.8339,1.9401],[-67.8501,1.9396],[-67.8741,1.9006],[-67.9223,1.8915],[-67.9174,1.811],[-67.9373,1.8192],[-68.0213,1.8186],[-68.0466,1.8418],[-68.0648,1.8942],[-68.093,1.8971],[-68.1292,1.9585],[-68.1685,1.9632],[-68.2047,1.9837],[-68.2454,1.9255],[-68.2466,1.8994],[-68.2852,1.8363],[-68.2469,1.8249],[-68.2446,1.7872],[-68.1909,1.7788],[-68.1633,1.7278],[-68.6972,1.7273],[-69.0006,1.7271],[-69.3933,1.7267],[-69.4073,1.7406],[-69.4747,1.7435],[-69.5171,1.7715],[-69.5465,1.7759],[-69.6036,1.74],[-69.6441,1.7297],[-69.7446,1.7295],[-69.7809,1.7029],[-69.8216,1.699],[-69.8457,1.7137],[-69.8463,1.294],[-69.8466,1.0765],[-69.7966,1.0728],[-69.7723,1.1045],[-69.7026,1.1183],[-69.7055,1.0802],[-69.5977,1.0946],[-69.5749,1.0742],[-69.5244,1.071],[-69.4869,1.0794],[-69.4401,1.0745],[-69.4163,1.0434],[-69.3721,1.0804],[-69.3214,1.0884],[-69.2875,1.0531],[-69.2461,1.0464],[-69.1981,0.9975],[-69.2037,0.9624],[-69.173,0.9518],[-69.1912,0.9166],[-69.1359,0.8696],[-69.1668,0.8455],[-69.1474,0.7696],[-69.1906,0.74],[-69.1804,0.7156],[-69.1536,0.7084],[-69.1157,0.644],[-69.1965,0.649],[-69.2119,0.6107],[-69.2685,0.6065],[-69.2986,0.6485],[-69.3493,0.6147],[-69.4037,0.6641],[-69.4636,0.7363],[-69.48,0.7358],[-69.566,0.6807],[-69.587,0.6406],[-69.6183,0.6318],[-69.6711,0.6678],[-69.749,0.6195],[-69.7952,0.5795],[-69.823,0.5912],[-69.8878,0.5772],[-69.9167,0.579],[-69.9358,0.553],[-69.9784,0.578],[-69.9954,0.551],[-70.0465,0.5629],[-70.0471,0.0683]]]},"properties":{"cd_geocmu":"1303809","nome":"São Gabriel da Cachoeira","uf":"AM","hc-key":"br-am-1303809"}},{"type":"Feature","geometry":{"type":"Polygon","coordinates":[[[-61.3024,-3.5004],[-61.2115,-3.4949],[-61.1973,-3.4406],[-61.1511,-3.4091],[-61.1298,-3.4111],[-61.0897,-3.4523],[-61.0727,-3.4387],[-61.0735,-3.3853],[-61.1097,-3.3457],[-61.1144,-3.3184],[-61.0984,-3.2923],[-61.119,-3.2529],[-61.1506,-3.2536],[-61.2273,-3.2364],[-61.2828,-3.2046],[-61.319,-3.1975],[-61.3208,-3.1479],[-61.3489,-3.1161],[-61.3608,-3.0029],[-61.3819,-2.9924],[-61.4085,-2.8813],[-61.4369,-2.8458],[-61.4833,-2.8128],[-61.4835,-2.7866],[-61.513,-2.8151],[-61.6081,-2.8344],[-61.6406,-2.8282],[-61.6622,-2.8611],[-61.7169,-2.8437],[-61.733,-2.8227],[-61.7055,-2.7716],[-61.7086,-2.7343],[-61.7463,-2.6928],[-61.7601,-2.6403],[-61.8103,-2.6101],[-61.8611,-2.6238],[-61.9242,-2.6095],[-61.9639,-2.636],[-62.0388,-2.6483],[-62.0609,-2.6627],[-62.093,-2.712],[-62.1585,-2.7293],[-62.2352,-2.7629],[-62.3543,-2.774],[-62.3858,-2.8066],[-62.4276,-2.8168],[-62.4693,-2.8519],[-62.4845,-2.8821],[-62.496,-2.9819],[-62.5362,-3.0724],[-62.5831,-3.1068],[-62.5287,-3.1566],[-62.4771,-3.2374],[-62.4575,-3.2937],[-62.4448,-3.4211],[-62.4044,-3.441],[-62.3111,-3.4379],[-62.2723,-3.4437],[-62.2703,-3.3757],[-62.1945,-3.3528],[-62.1517,-3.3233],[-62.1256,-3.2821],[-62.088,-3.2781],[-62.0452,-3.2727],[-62.0441,-3.3553],[-62.0215,-3.3696],[-61.9872,-3.3556],[-61.9361,-3.2953],[-61.9074,-3.2839],[-61.8377,-3.2825],[-61.7931,-3.3111],[-61.7668,-3.3572],[-61.6831,-3.4189],[-61.6494,-3.4203],[-61.6182,-3.3819],[-61.5825,-3.4055],[-61.5647,-3.4004],[-61.5179,-3.4167],[-61.47,-3.4539],[-61.3206,-3.4538],[-61.3024,-3.5004]]]},"properties":{"cd_geocmu":"1300839","nome":"Caapiranga","uf":"AM","hc-key":"br-am-1300839"}},{"type":"Feature","geometry":{"type":"Polygon","coordinates":[[[-60.7258,-5.1132],[-60.6942,-5.0727],[-60.7031,-5.0422],[-60.2876,-5.0425],[-60.2583,-4.9982],[-60.2212,-4.9164],[-60.1721,-4.9019],[-60.1184,-4.924],[-60.0833,-4.923],[-59.976,-4.8749],[-59.9454,-4.8681],[-59.6708,-5.2823],[-59.696,-5.319],[-59.6993,-5.3546],[-59.7229,-5.3945],[-59.7278,-5.4485],[-59.7021,-5.4998],[-59.6802,-5.5032],[-59.6012,-5.4791],[-59.547,-5.5183],[-59.5443,-5.5558],[-59.5743,-5.6242],[-59.5917,-5.6366],[-59.6151,-5.6916],[-59.6058,-5.7764],[-59.5549,-5.821],[-59.5234,-5.8929],[-59.4991,-5.9274],[-59.4619,-5.9444],[-59.4522,-5.9945],[-59.4094,-6.0087],[-59.4119,-6.0492],[-59.3928,-6.0628],[-59.3672,-6.1092],[-59.359,-6.1674],[-59.3301,-6.2029],[-59.3306,-6.2283],[-59.3806,-6.3019],[-59.3497,-6.3176],[-59.3558,-6.3411],[-59.3277,-6.3727],[-59.3097,-6.444],[-59.3154,-6.461],[-59.6098,-6.4605],[-59.6315,-6.4769],[-59.6609,-6.4643],[-59.749,-6.4483],[-59.7668,-6.4701],[-59.7971,-6.459],[-59.8176,-6.4301],[-59.8452,-6.4782],[-59.8559,-6.5241],[-59.8983,-6.5277],[-59.9335,-6.5556],[-59.9288,-6.5713],[-59.9563,-6.6217],[-59.9298,-6.6378],[-59.9216,-6.687],[-59.9326,-6.7272],[-59.9057,-6.7467],[-59.9027,-6.7946],[-59.8727,-6.8121],[-59.5004,-6.6279],[-59.2942,-6.5206],[-59.0792,-6.389],[-58.8553,-6.3815],[-58.8684,-6.3529],[-58.9066,-6.3229],[-58.9194,-6.2846],[-58.9108,-6.2544],[-58.8426,-6.1974],[-58.831,-6.1327],[-58.8021,-6.0754],[-58.8117,-6.0352],[-58.8313,-6.0137],[-58.824,-5.947],[-58.8129,-5.9204],[-58.8258,-5.8825],[-58.8147,-5.8364],[-58.8303,-5.8163],[-58.8145,-5.7915],[-58.8206,-5.7174],[-58.8461,-5.6727],[-58.8329,-5.6564],[-58.8244,-5.5851],[-58.8497,-5.558],[-58.855,-5.5307],[-58.828,-5.4687],[-58.8377,-5.4516],[-58.8116,-5.4262],[-58.8112,-5.3419],[-58.7762,-5.3301],[-58.7378,-5.3308],[-58.7371,-5.2925],[-58.6865,-5.2313],[-58.6544,-5.2307],[-58.6534,-5.2034],[-58.6338,-5.1821],[-58.5848,-5.1785],[-58.58,-5.1333],[-58.4765,-5.107],[-58.4797,-5.0861],[-58.4504,-5.0395],[-58.4081,-5.0133],[-58.4034,-4.967],[-58.3843,-4.9321],[-58.3418,-4.8918],[-58.3653,-4.8548],[-58.3259,-4.8397],[-58.331,-4.8178],[-58.3059,-4.8006],[-58.3007,-4.7496],[-58.2742,-4.7265],[-58.2711,-4.6555],[-58.2306,-4.6024],[-58.2336,-4.5509],[-58.2028,-4.5481],[-58.2148,-4.5143],[-58.1837,-4.4565],[-58.127,-4.4308],[-58.1327,-4.4099],[-58.1196,-4.3708],[-58.1913,-4.3514],[-58.2212,-4.3591],[-58.2822,-4.3969],[-58.2942,-4.4276],[-58.3378,-4.4408],[-58.3567,-4.4646],[-58.3846,-4.4607],[-58.3961,-4.5033],[-58.4405,-4.507],[-58.5117,-4.4693],[-58.5572,-4.493],[-58.5843,-4.4645],[-58.639,-4.4668],[-58.6304,-4.4313],[-58.6526,-4.3901],[-58.6522,-4.3466],[-58.6156,-4.2897],[-58.6238,-4.2599],[-58.6573,-4.2638],[-58.6616,-4.2372],[-58.6862,-4.2087],[-58.6791,-4.1572],[-58.7061,-4.1093],[-58.773,-4.0739],[-58.7882,-4.0361],[-58.8138,-4.0152],[-58.8195,-3.9877],[-58.7867,-3.919],[-58.817,-3.874],[-58.8394,-3.8769],[-58.8849,-3.8573],[-58.9191,-3.9094],[-58.967,-3.8873],[-58.9923,-3.8919],[-58.9948,-3.9256],[-59.028,-3.9336],[-59.0549,-3.9628],[-59.1547,-3.9726],[-59.1998,-3.9678],[-59.1482,-3.9221],[-59.2082,-3.9201],[-59.5004,-3.9192],[-59.5259,-3.9258],[-59.5278,-3.9556],[-59.5575,-3.9827],[-59.5587,-4.0214],[-59.5875,-4.0768],[-59.5861,-4.1408],[-59.6202,-4.1986],[-59.6754,-4.1887],[-59.6944,-4.2122],[-59.9289,-4.2128],[-59.9391,-4.2465],[-59.9889,-4.2637],[-59.9697,-4.3104],[-59.9679,-4.3398],[-59.9489,-4.3618],[-59.954,-4.3885],[-60.0506,-4.4143],[-60.1299,-4.3866],[-60.1255,-4.337],[-60.1707,-4.3329],[-60.1841,-4.2945],[-60.2293,-4.2757],[-60.2761,-4.235],[-60.267,-4.2093],[-60.287,-4.1645],[-60.3214,-4.189],[-60.4186,-4.1748],[-60.4726,-4.1445],[-60.5016,-4.139],[-60.545,-4.1649],[-60.6188,-4.1749],[-60.6397,-4.2013],[-60.6812,-4.2063],[-60.7593,-4.2021],[-60.8071,-4.1816],[-60.849,-4.2822],[-61.0094,-4.4235],[-61.1678,-4.5442],[-61.2486,-4.6277],[-61.2936,-4.7119],[-60.9136,-5.1129],[-60.7258,-5.1132]]]},"properties":{"cd_geocmu":"1300805","nome":"Borba","uf":"AM","hc-key":"br-am-1300805"}},{"type":"Feature","geometry":{"type":"Polygon","coordinates":[[[-57.4062,-2.3807],[-57.4248,-2.3415],[-57.4774,-2.3321],[-57.5081,-2.3483],[-57.5272,-2.32],[-57.5527,-2.3171],[-57.5607,-2.2872],[-57.6142,-2.2657],[-57.6514,-2.2774],[-57.6582,-2.2463],[-57.7065,-2.2283],[-57.7304,-2.2053],[-57.7529,-2.2098],[-57.8058,-2.1538],[-57.8308,-2.0864],[-57.8571,-2.083],[-57.8741,-2.0493],[-57.908,-2.0584],[-57.9405,-2.0359],[-57.9614,-2.0007],[-57.9511,-1.9847],[-57.9597,-1.9234],[-57.987,-1.8952],[-57.9755,-1.8366],[-57.9953,-1.83],[-58.0197,-1.6935],[-58.053,-1.6755],[-58.0521,-1.6549],[-58.0888,-1.6442],[-58.107,-1.6175],[-58.1402,-1.6187],[-58.1949,-1.5556],[-58.2267,-1.5569],[-58.27,-1.4971],[-58.2656,-1.458],[-58.291,-1.4377],[-58.2954,-1.4138],[-58.2774,-1.379],[-58.3215,-1.349],[-58.3339,-1.3198],[-58.3761,-1.27],[-58.3649,-1.2276],[-58.3689,-1.1928],[-58.3981,-1.1692],[-58.435,-1.1857],[-58.5025,-1.1666],[-58.525,-1.0753],[-58.5185,-1.0485],[-58.5504,-0.9921],[-58.5758,-1.0068],[-58.608,-0.9975],[-58.6003,-0.9393],[-58.6362,-0.9059],[-58.6672,-0.9046],[-58.6791,-0.8736],[-58.7336,-0.8135],[-58.7391,-0.772],[-58.761,-0.7049],[-58.753,-0.6644],[-58.8178,-0.5855],[-58.8353,-0.5477],[-58.8478,-0.4818],[-58.8814,-0.4574],[-58.907,-0.4555],[-58.9336,-0.4318],[-58.9461,-0.3891],[-58.9426,-0.355],[-58.9111,-0.3264],[-58.8957,-0.2941],[-58.9451,-0.2648],[-58.9329,-0.2207],[-58.9277,-0.1558],[-58.8891,-0.1608],[-58.8861,-0.0933],[-58.9126,-0.0558],[-58.9013,-0.0066],[-58.9946,0.0171],[-59.0012,0.0427],[-59.0387,0.0477],[-59.049,0.1271],[-59.0923,0.1263],[-59.1268,0.1927],[-59.1343,0.223],[-59.1801,0.2255],[-59.1923,0.2635],[-59.4336,0.2635],[-60.038,0.2635],[-60.0591,0.163],[-60.1336,0.1035],[-60.1214,0.088],[-60.14,0.0271],[-60.2042,-0.0299],[-60.2107,-0.063],[-60.2369,-0.109],[-60.2276,-0.1217],[-60.18,-0.0855],[-60.1226,-0.0797],[-60.0825,-0.0481],[-60.0235,-0.0431],[-59.9765,-0.0626],[-59.9359,-0.0392],[-59.9427,0.0158],[-59.9169,0.0335],[-59.8645,-0.0466],[-59.8804,-0.0961],[-59.9194,-0.126],[-59.9134,-0.1501],[-59.8476,-0.1818],[-59.8105,-0.23],[-59.808,-0.2485],[-59.8387,-0.2676],[-59.8532,-0.3921],[-59.8313,-0.4113],[-59.8702,-0.4693],[-59.8929,-0.4554],[-59.9541,-0.5156],[-59.9676,-0.5689],[-60.0009,-0.5696],[-60.0384,-0.5965],[-60.0224,-0.6172],[-60.0543,-0.676],[-60.0302,-0.7284],[-60.035,-0.7425],[-60.0137,-0.7901],[-59.9763,-0.8332],[-59.9308,-0.8517],[-59.8941,-0.8958],[-59.8562,-0.9116],[-59.8426,-0.9682],[-59.7866,-1.0453],[-59.7175,-1.0799],[-59.7012,-1.1048],[-59.6696,-1.0661],[-59.6311,-1.0811],[-59.6056,-1.1095],[-59.3806,-1.1067],[-59.3797,-1.1477],[-59.3468,-1.1395],[-59.3055,-1.1563],[-59.2521,-1.189],[-59.2379,-1.2137],[-59.1781,-1.2547],[-59.1593,-1.2774],[-59.1217,-1.2791],[-59.0945,-1.3077],[-59.059,-1.3189],[-59.0179,-1.3156],[-58.9705,-1.3832],[-58.9459,-1.4032],[-58.9244,-1.4418],[-58.8641,-1.4543],[-58.8573,-1.4833],[-58.8334,-1.4986],[-58.7398,-1.4978],[-58.7164,-1.5207],[-58.691,-1.5761],[-58.6533,-1.5553],[-58.5967,-1.6138],[-58.5968,-1.6324],[-58.5687,-1.6894],[-58.5589,-1.728],[-58.587,-1.7554],[-58.5353,-1.7932],[-58.4604,-1.8079],[-58.4559,-1.825],[-58.3754,-1.9206],[-58.3228,-1.9139],[-58.2857,-1.9407],[-58.2639,-1.9298],[-58.2377,-1.9849],[-58.1891,-2.0086],[-58.1746,-2.0707],[-58.1879,-2.1128],[-58.1351,-2.137],[-58.1394,-2.1661],[-58.1138,-2.2199],[-58.0349,-2.2251],[-57.9956,-2.2695],[-57.9769,-2.309],[-57.9855,-2.3689],[-57.9814,-2.4058],[-57.8924,-2.4061],[-57.8344,-2.5119],[-57.8111,-2.5308],[-57.7683,-2.5396],[-57.8267,-2.596],[-57.889,-2.6089],[-57.9357,-2.6177],[-57.9423,-2.7038],[-57.9172,-2.7581],[-57.8768,-2.7511],[-57.837,-2.7577],[-57.7899,-2.7343],[-57.7192,-2.6724],[-57.6236,-2.5335],[-57.592,-2.4573],[-57.3523,-2.4559],[-57.3171,-2.5086],[-57.2892,-2.4892],[-57.3304,-2.4578],[-57.3533,-2.4163],[-57.4062,-2.3807]]]},"properties":{"cd_geocmu":"1304302","nome":"Urucará","uf":"AM","hc-key":"br-am-1304302"}},{"type":"Feature","geometry":{"type":"Polygon","coordinates":[[[-59.5003,-2.9719],[-59.5322,-2.9512],[-59.5795,-2.9606],[-59.6372,-2.9615],[-59.6627,-2.9445],[-59.7062,-2.9396],[-59.7286,-2.8988],[-59.7157,-2.8813],[-59.7597,-2.8222],[-59.7828,-2.8305],[-59.8191,-2.8034],[-59.8335,-2.7355],[-59.8761,-2.7157],[-59.8736,-2.6839],[-59.9045,-2.6577],[-59.9147,-2.6168],[-59.9424,-2.6222],[-59.9412,-2.5783],[-59.9996,-2.5494],[-60.0333,-2.5493],[-60.0358,-2.5004],[-60.0244,-2.4483],[-60.0466,-2.3283],[-60.0396,-2.2646],[-60.0279,-2.2422],[-59.9992,-2.1432],[-60.0005,-2.1202],[-60.0835,-2.0764],[-60.0913,-2.06],[-60.1487,-2.0421],[-60.2047,-2.004],[-60.2671,-1.9865],[-60.2974,-1.9574],[-60.3578,-1.9545],[-60.4166,-1.9968],[-60.5036,-2.0175],[-60.5425,-2.0027],[-60.599,-1.9988],[-60.6222,-2.0463],[-60.6682,-2.0746],[-60.682,-2.1081],[-60.664,-2.1307],[-60.7002,-2.1732],[-60.739,-2.1894],[-60.6921,-2.2427],[-60.7114,-2.3201],[-60.6953,-2.3462],[-60.7689,-2.3995],[-60.7438,-2.4304],[-60.7737,-2.4536],[-60.7918,-2.4845],[-60.8027,-2.5392],[-60.7564,-2.8218],[-60.7056,-2.8619],[-60.7015,-2.8793],[-60.6,-2.9824],[-60.5876,-3.0172],[-60.5446,-3.035],[-60.4696,-3.0903],[-60.2902,-3.0987],[-60.2626,-3.0826],[-60.202,-3.0952],[-60.1689,-3.1277],[-60.1126,-3.1502],[-60.0406,-3.1591],[-59.9868,-3.2171],[-59.9534,-3.2028],[-59.9438,-3.1749],[-59.907,-3.1378],[-59.8596,-3.098],[-59.7698,-3.0642],[-59.7002,-3.0609],[-59.6002,-3.0965],[-59.5456,-3.1215],[-59.4797,-3.1286],[-59.391,-3.1631],[-59.3586,-3.153],[-59.3519,-3.1456],[-59.2418,-3.1621],[-59.207,-3.1797],[-59.1953,-3.1569],[-59.2621,-3.129],[-59.3045,-3.1319],[-59.3416,-3.1066],[-59.3739,-3.0716],[-59.4313,-3.0485],[-59.4553,-3.0297],[-59.5003,-2.9719]]]},"properties":{"cd_geocmu":"1302603","nome":"Manaus","uf":"AM","hc-key":"br-am-1302603"}},{"type":"Feature","geometry":{"type":"Polygon","coordinates":[[[-62.3618,-4.0904],[-62.3028,-4.0842],[-62.2693,-4.0617],[-62.227,-4.0975],[-62.1839,-4.1167],[-62.1411,-4.0861],[-62.1201,-4.0932],[-62.0346,-4.0797],[-61.981,-4.0916],[-61.9465,-4.1215],[-61.8904,-4.1307],[-61.8131,-4.0915],[-61.8656,-4.0861],[-61.8765,-4.1015],[-61.9144,-4.0927],[-61.9365,-4.0632],[-61.9249,-4.0251],[-61.8923,-4.0463],[-61.8718,-4.028],[-61.836,-4.0381],[-61.8474,-3.9926],[-61.8892,-3.9624],[-61.8234,-3.8883],[-61.8235,-3.6618],[-61.8964,-3.6603],[-61.929,-3.6283],[-62.0122,-3.5942],[-62.0332,-3.572],[-62.0264,-3.5045],[-62.0382,-3.4519],[-62.0698,-3.4328],[-62.0873,-3.391],[-62.0768,-3.3205],[-62.088,-3.2781],[-62.1256,-3.2821],[-62.1517,-3.3233],[-62.1945,-3.3528],[-62.2703,-3.3757],[-62.2723,-3.4437],[-62.3111,-3.4379],[-62.4044,-3.441],[-62.4448,-3.4211],[-62.4575,-3.2937],[-62.4771,-3.2374],[-62.5287,-3.1566],[-62.5831,-3.1068],[-62.6265,-3.0931],[-62.7019,-3.0913],[-62.7466,-3.061],[-62.78,-3.0202],[-62.8281,-3.003],[-62.9335,-3.0009],[-62.9105,-2.9253],[-62.9152,-2.8811],[-62.9289,-2.8536],[-63.0097,-2.8408],[-63.0498,-2.8148],[-63.0956,-2.8318],[-63.189,-2.8371],[-63.2408,-2.7963],[-63.2836,-2.7108],[-63.3049,-2.7002],[-63.401,-2.707],[-63.4631,-2.7034],[-63.5251,-2.7538],[-63.564,-2.7629],[-63.6297,-2.8068],[-63.6916,-2.8346],[-63.7247,-2.8244],[-63.7145,-2.7624],[-63.7295,-2.6936],[-63.7673,-2.5932],[-63.7885,-2.5572],[-63.8184,-2.5478],[-63.8363,-2.561],[-63.9199,-2.5642],[-63.9646,-2.5754],[-63.9843,-2.5654],[-63.9882,-2.5279],[-63.9571,-2.4666],[-63.9575,-2.4448],[-63.9744,-2.4227],[-63.9773,-2.3735],[-64.0068,-2.3285],[-63.9929,-2.2159],[-64.0288,-2.1607],[-64.0858,-2.1918],[-64.1557,-2.1716],[-64.1689,-2.1315],[-64.2016,-2.1034],[-64.2539,-2.1242],[-64.26,-2.2052],[-64.2864,-2.2169],[-64.3139,-2.2671],[-64.3377,-2.2777],[-64.3672,-2.2651],[-64.3867,-2.3432],[-64.3708,-2.3604],[-64.3024,-2.381],[-64.2307,-2.4297],[-64.1689,-2.4307],[-64.103,-2.4621],[-64.0852,-2.5066],[-64.083,-2.5545],[-64.046,-2.6085],[-64.0281,-2.6536],[-63.9754,-2.6566],[-63.9542,-2.6969],[-63.9669,-2.7607],[-63.9688,-2.8096],[-63.9366,-2.8531],[-63.9474,-2.8795],[-63.9049,-2.9047],[-63.9092,-2.9335],[-63.8764,-2.9735],[-63.8635,-3.0195],[-63.8711,-3.0453],[-63.857,-3.0886],[-63.8233,-3.1342],[-63.8117,-3.1657],[-63.7715,-3.2252],[-63.7513,-3.2249],[-63.7232,-3.2677],[-63.6748,-3.2949],[-63.6525,-3.3383],[-63.4772,-3.3943],[-63.4544,-3.4247],[-63.3745,-3.4886],[-63.3445,-3.5039],[-63.2769,-3.5173],[-63.2416,-3.5426],[-63.1989,-3.5994],[-63.1509,-3.6185],[-63.1069,-3.6091],[-63.0468,-3.5689],[-63.0032,-3.5759],[-62.5806,-3.8578],[-62.5776,-3.9251],[-62.5617,-3.9481],[-62.5707,-4.0023],[-62.528,-4.0333],[-62.4943,-4.0382],[-62.4418,-4.0809],[-62.3922,-4.0768],[-62.3618,-4.0904]]]},"properties":{"cd_geocmu":"1301308","nome":"Codajás","uf":"AM","hc-key":"br-am-1301308"}},{"type":"Feature","geometry":{"type":"Polygon","coordinates":[[[-68.6247,-3.6921],[-68.6325,-3.2302],[-68.7047,-3.2316],[-68.7053,-3.203],[-68.7409,-3.1671],[-68.7818,-3.1935],[-68.7987,-3.1732],[-68.8538,-3.1875],[-68.8727,-3.2174],[-68.9099,-3.2073],[-68.9349,-3.2238],[-68.9989,-3.2291],[-69.0305,-3.2747],[-69.0653,-3.3051],[-69.103,-3.2938],[-69.1698,-3.288],[-69.1875,-3.3357],[-69.2317,-3.3665],[-69.2463,-3.4035],[-69.3115,-3.4111],[-69.3309,-3.3963],[-69.3622,-3.4541],[-69.4013,-3.4681],[-69.4116,-3.4852],[-69.491,-3.5044],[-69.5069,-3.5537],[-69.4971,-3.5831],[-69.5226,-3.5991],[-69.5554,-3.586],[-69.5963,-3.6001],[-69.6054,-3.6328],[-69.6382,-3.6895],[-69.653,-3.7436],[-69.6804,-3.7841],[-69.645,-3.7916],[-69.6184,-3.7699],[-69.5597,-3.7599],[-69.5314,-3.732],[-69.4957,-3.7403],[-69.44,-3.7169],[-69.4141,-3.7621],[-69.4189,-3.8044],[-69.3958,-3.8228],[-69.394,-3.9041],[-69.4232,-3.9965],[-69.5207,-4.0469],[-69.5356,-4.0763],[-69.517,-4.1301],[-69.4584,-4.1213],[-69.426,-4.1318],[-69.4066,-4.1696],[-69.4723,-4.2013],[-69.498,-4.2491],[-69.5331,-4.2791],[-69.5161,-4.3194],[-69.4904,-4.341],[-69.4491,-4.3566],[-69.4372,-4.3845],[-69.4479,-4.4237],[-69.5035,-4.4295],[-69.5313,-4.456],[-69.5484,-4.5026],[-69.6103,-4.5144],[-69.6147,-4.574],[-69.6949,-4.5801],[-69.7173,-4.5937],[-69.764,-4.6537],[-69.8322,-4.7077],[-69.8853,-4.7336],[-69.8947,-4.7836],[-69.9336,-4.856],[-69.9684,-4.8958],[-69.9746,-4.9186],[-69.9504,-4.9718],[-69.9484,-5.0007],[-69.9989,-5.0167],[-70.0439,-5.093],[-70.0921,-5.1336],[-70.1119,-5.1849],[-70.1442,-5.2124],[-70.1561,-5.2459],[-70.1504,-5.2904],[-70.1891,-5.3658],[-70.1825,-5.4246],[-70.1978,-5.5097],[-70.211,-5.5422],[-70.2372,-5.5631],[-70.2539,-5.6187],[-70.2864,-5.6284],[-70.2811,-5.6665],[-70.2581,-5.68],[-70.259,-5.7521],[-70.2742,-5.7957],[-70.2695,-5.8299],[-70.2983,-5.8557],[-70.307,-5.9146],[-70.3235,-5.9345],[-70.3102,-5.9607],[-70.3077,-6.0118],[-70.3646,-6.0398],[-70.3944,-6.0882],[-70.4256,-6.121],[-70.4454,-6.1777],[-70.436,-6.194],[-70.3989,-6.1868],[-70.3667,-6.2299],[-70.349,-6.2903],[-70.3059,-6.2939],[-70.2296,-6.2442],[-70.2138,-6.2448],[-70.1671,-6.2152],[-70.1167,-6.1246],[-70.1271,-6.1014],[-70.1128,-6.0615],[-70.0265,-5.9897],[-69.9991,-5.9418],[-70.0138,-5.9179],[-69.9812,-5.7887],[-69.9573,-5.7638],[-69.9225,-5.7568],[-69.9044,-5.7064],[-69.9165,-5.6247],[-69.8802,-5.6039],[-69.8944,-5.5412],[-69.8503,-5.4937],[-69.9014,-5.4034],[-69.9299,-5.3697],[-69.8509,-5.3424],[-69.7941,-5.35],[-69.7829,-5.287],[-69.7427,-5.2653],[-69.7007,-5.2583],[-69.6913,-5.2408],[-69.6467,-5.2373],[-69.5941,-5.2069],[-69.5334,-5.2191],[-69.5201,-5.15],[-69.4789,-5.1294],[-69.4271,-5.0388],[-69.4171,-4.9636],[-69.3872,-4.9895],[-69.3441,-4.9648],[-69.316,-4.9062],[-69.2905,-4.8803],[-69.2828,-4.852],[-69.2221,-4.8042],[-69.1815,-4.7948],[-69.149,-4.7192],[-69.1219,-4.7234],[-69.0914,-4.6659],[-69.0836,-4.6207],[-69.0399,-4.5784],[-69.0279,-4.5246],[-69.0288,-4.412],[-69.0121,-4.3446],[-68.9426,-4.3264],[-68.9362,-4.2744],[-68.9508,-4.2087],[-68.9207,-4.1472],[-68.9105,-4.1063],[-68.8802,-4.0705],[-68.8579,-4.0608],[-68.8376,-4.0254],[-68.8156,-3.9545],[-68.8148,-3.9281],[-68.8392,-3.8875],[-68.8208,-3.8593],[-68.8326,-3.8368],[-68.8199,-3.7865],[-68.825,-3.7439],[-68.7712,-3.7471],[-68.7602,-3.7057],[-68.7451,-3.6997],[-68.6676,-3.7078],[-68.6247,-3.6921]]]},"properties":{"cd_geocmu":"1303908","nome":"São Paulo de Olivença","uf":"AM","hc-key":"br-am-1303908"}},{"type":"Feature","geometry":{"type":"Polygon","coordinates":[[[-64.785,-3.1588],[-64.826,-3.1122],[-64.8666,-3.0969],[-64.8966,-3.0975],[-64.9453,-3.0605],[-64.9741,-3.0577],[-64.9748,-3.0935],[-65.0478,-3.1942],[-65.0523,-3.2478],[-65.0677,-3.3021],[-65.1321,-3.3872],[-65.1574,-3.3894],[-65.1666,-3.4269],[-65.2075,-3.461],[-65.25,-3.4655],[-65.2949,-3.4845],[-65.3322,-3.4891],[-65.3756,-3.5071],[-65.4261,-3.5757],[-65.4745,-3.6004],[-65.5026,-3.5811],[-65.5512,-3.6275],[-65.6296,-3.6203],[-65.6557,-3.6385],[-65.6587,-3.6926],[-65.7074,-3.7381],[-65.7241,-3.8075],[-65.784,-3.8378],[-65.7974,-3.8816],[-65.8555,-3.9579],[-65.8634,-3.9976],[-65.8422,-4.0532],[-65.8424,-4.0784],[-65.8702,-4.1329],[-65.8659,-4.1698],[-65.9028,-4.1957],[-65.9255,-4.2609],[-65.9089,-4.2927],[-65.8727,-4.2526],[-65.8459,-4.2492],[-65.8081,-4.2176],[-65.7679,-4.2155],[-65.6674,-4.1526],[-65.6663,-4.1392],[-65.5477,-4.0932],[-65.5169,-4.0881],[-65.4811,-4.0525],[-65.4025,-4.0231],[-65.3519,-3.986],[-65.2778,-3.9503],[-65.2497,-3.9456],[-65.1697,-3.9085],[-65.1285,-3.8562],[-65.1031,-3.8123],[-65.0728,-3.7876],[-65.0203,-3.7851],[-65.0301,-3.7273],[-65.0274,-3.6813],[-65.0142,-3.6559],[-64.9719,-3.6228],[-64.9913,-3.5873],[-64.9623,-3.5369],[-64.9808,-3.5064],[-64.9492,-3.4907],[-64.8928,-3.4246],[-64.8859,-3.3927],[-64.8453,-3.378],[-64.7785,-3.3099],[-64.7223,-3.2931],[-64.6746,-3.2637],[-64.7032,-3.2219],[-64.785,-3.1588]]]},"properties":{"cd_geocmu":"1300029","nome":"Alvarães","uf":"AM","hc-key":"br-am-1300029"}},{"type":"Feature","geometry":{"type":"Polygon","coordinates":[[[-64.5789,-8.9884],[-64.5501,-8.9783],[-64.4466,-8.9769],[-64.3799,-8.9467],[-64.3234,-8.9289],[-64.3261,-8.9798],[-64.3113,-8.9965],[-64.2332,-8.9923],[-64.1418,-8.9451],[-64.1582,-8.8432],[-64.1295,-8.8052],[-64.1448,-8.7764],[-64.1431,-8.743],[-64.1246,-8.7167],[-64.0948,-8.7284],[-64.0355,-8.6936],[-64.0164,-8.6677],[-63.9862,-8.5856],[-63.946,-8.6095],[-63.9246,-8.5755],[-63.9456,-8.5505],[-63.9438,-8.5266],[-63.9732,-8.4784],[-63.9408,-8.4523],[-63.977,-8.4097],[-63.9454,-8.3878],[-63.9441,-8.3312],[-63.9108,-8.3285],[-63.8708,-8.2888],[-63.8253,-8.3062],[-63.7912,-8.3332],[-63.7735,-8.3207],[-63.7466,-8.2702],[-63.7228,-8.2495],[-63.7486,-8.2079],[-63.7415,-8.1901],[-63.6934,-8.1583],[-63.6624,-8.1012],[-63.667,-8.0816],[-63.6218,-8.0296],[-63.6212,-7.9765],[-63.6203,-7.8942],[-63.6346,-7.8739],[-63.6042,-7.8486],[-63.5575,-7.8401],[-63.5267,-7.794],[-63.4699,-7.7482],[-63.4099,-7.7383],[-63.3798,-7.6625],[-63.3958,-7.6357],[-63.4193,-7.6294],[-63.4226,-7.5968],[-63.4029,-7.5889],[-63.3742,-7.5287],[-63.345,-7.5204],[-63.318,-7.4764],[-63.3083,-7.4414],[-63.3291,-7.4355],[-63.3362,-7.403],[-63.2658,-7.4066],[-63.2476,-7.3927],[-63.2515,-7.3589],[-63.2888,-7.3312],[-63.303,-7.2823],[-63.2805,-7.2471],[-63.3206,-7.2053],[-63.3144,-7.1404],[-63.2975,-7.0958],[-63.2186,-7.0671],[-63.2147,-7.0271],[-63.1685,-7.0122],[-63.1311,-6.961],[-63.1544,-6.9385],[-63.1476,-6.9188],[-63.165,-6.846],[-63.1786,-6.8423],[-63.5944,-6.4992],[-63.9595,-6.1978],[-64.2735,-5.9387],[-64.363,-5.9151],[-64.3885,-5.9267],[-64.3877,-6.0966],[-64.4305,-6.1002],[-64.4524,-6.1309],[-64.4566,-6.1598],[-64.478,-6.1859],[-64.5153,-6.2078],[-64.5399,-6.3046],[-64.5641,-6.3353],[-64.6245,-6.3785],[-64.6329,-6.3932],[-64.6373,-6.4616],[-64.6646,-6.4885],[-64.6769,-6.5615],[-64.6904,-6.5867],[-64.7345,-6.6266],[-64.7366,-6.6716],[-64.7597,-6.6941],[-64.7678,-6.7255],[-64.8849,-6.7491],[-64.9137,-6.7475],[-64.8888,-6.6993],[-64.8988,-6.6769],[-64.9327,-6.6841],[-64.9647,-6.7472],[-65.006,-6.7975],[-64.9893,-6.8295],[-64.9823,-6.8903],[-65.0172,-6.9501],[-64.9786,-6.9869],[-64.9842,-7.0339],[-65.034,-7.055],[-65.0392,-7.0732],[-64.7752,-7.0754],[-64.5714,-7.0752],[-64.581,-7.1704],[-64.5558,-7.217],[-64.548,-7.2979],[-64.5587,-7.3221],[-64.5307,-7.3485],[-64.5418,-7.3872],[-64.5319,-7.4272],[-64.4964,-7.4531],[-64.4926,-7.4895],[-64.5076,-7.5333],[-64.5018,-7.5593],[-64.4644,-7.5743],[-64.4214,-7.6044],[-64.4061,-7.6277],[-64.4156,-7.6578],[-64.3974,-7.6965],[-64.4272,-7.7658],[-64.413,-7.7997],[-64.4376,-7.8388],[-64.4442,-7.8962],[-64.421,-7.9281],[-64.4192,-7.9696],[-64.3995,-8.0427],[-64.3937,-8.0962],[-64.4015,-8.1439],[-64.3938,-8.1635],[-64.4069,-8.2072],[-64.4662,-8.2664],[-64.4844,-8.3136],[-64.5042,-8.324],[-64.5149,-8.4231],[-64.5307,-8.4435],[-64.5355,-8.4938],[-64.4925,-8.5263],[-64.488,-8.575],[-64.5029,-8.5946],[-64.4422,-8.6524],[-64.3976,-8.6528],[-64.3839,-8.6903],[-64.3328,-8.7579],[-64.3895,-8.7776],[-64.4225,-8.8328],[-64.4818,-8.8067],[-64.509,-8.8156],[-64.5357,-8.8732],[-64.5317,-8.9256],[-64.5818,-8.9507],[-64.5789,-8.9884]]]},"properties":{"cd_geocmu":"1300904","nome":"Canutama","uf":"AM","hc-key":"br-am-1300904"}},{"type":"Feature","geometry":{"type":"Polygon","coordinates":[[[-67.834,-3.3344],[-67.9428,-3.3296],[-67.9206,-3.2454],[-67.9552,-3.1603],[-67.9864,-3.1362],[-68.043,-3.1613],[-68.0667,-3.118],[-68.0961,-3.1405],[-68.1113,-3.1133],[-68.1417,-3.1315],[-68.1777,-3.112],[-68.1797,-3.0648],[-68.2421,-3.0871],[-68.2486,-3.1273],[-68.2854,-3.1031],[-68.3912,-3.0888],[-68.4198,-3.0939],[-68.428,-3.1535],[-68.4608,-3.1815],[-68.5114,-3.1755],[-68.5346,-3.1975],[-68.565,-3.1799],[-68.5934,-3.1827],[-68.6325,-3.2302],[-68.6247,-3.6921],[-68.5783,-3.649],[-68.5348,-3.6881],[-68.5085,-3.7229],[-68.4584,-3.7549],[-68.4472,-3.775],[-68.4031,-3.7623],[-68.3837,-3.7232],[-68.3355,-3.7261],[-68.3065,-3.7071],[-68.2561,-3.6937],[-68.2169,-3.7158],[-68.182,-3.7705],[-68.1057,-3.7646],[-68.0356,-3.7348],[-68.0374,-3.6395],[-68.0128,-3.5583],[-68.0474,-3.5325],[-68.0295,-3.4649],[-68.0683,-3.4366],[-68.0636,-3.4146],[-67.994,-3.4198],[-67.9642,-3.4314],[-67.8675,-3.4063],[-67.8454,-3.3815],[-67.8513,-3.3495],[-67.834,-3.3344]]]},"properties":{"cd_geocmu":"1300060","nome":"Amaturá","uf":"AM","hc-key":"br-am-1300060"}},{"type":"Feature","geometry":{"type":"Polygon","coordinates":[[[-59.0824,-2.276],[-59.0743,-2.2444],[-59.0502,-2.232],[-59.0115,-2.2548],[-58.9766,-2.2508],[-58.9309,-2.2737],[-58.9256,-2.2556],[-58.8813,-2.2296],[-58.8192,-2.2673],[-58.7705,-2.2653],[-58.7231,-2.2976],[-58.742,-2.322],[-58.7248,-2.3452],[-58.6909,-2.3405],[-58.6659,-2.317],[-58.6039,-2.289],[-58.5595,-2.3154],[-58.4774,-2.2927],[-58.4441,-2.3106],[-58.4007,-2.3179],[-58.3605,-2.3384],[-58.3368,-2.3993],[-58.2964,-2.407],[-58.2602,-2.396],[-58.2558,-2.4302],[-58.2824,-2.4668],[-58.2086,-2.5202],[-58.1798,-2.5698],[-58.0779,-2.6268],[-58.0151,-2.6484],[-57.9724,-2.6311],[-57.979,-2.6003],[-57.8923,-2.5772],[-57.889,-2.6089],[-57.8267,-2.596],[-57.7683,-2.5396],[-57.8111,-2.5308],[-57.8344,-2.5119],[-57.8924,-2.4061],[-57.9814,-2.4058],[-57.9855,-2.3689],[-57.9769,-2.309],[-57.9956,-2.2695],[-58.0349,-2.2251],[-58.1138,-2.2199],[-58.1394,-2.1661],[-58.1351,-2.137],[-58.1879,-2.1128],[-58.1746,-2.0707],[-58.1891,-2.0086],[-58.2377,-1.9849],[-58.2639,-1.9298],[-58.2857,-1.9407],[-58.3228,-1.9139],[-58.3754,-1.9206],[-58.4559,-1.825],[-58.4604,-1.8079],[-58.5353,-1.7932],[-58.587,-1.7554],[-58.5589,-1.728],[-58.5687,-1.6894],[-58.5968,-1.6324],[-58.5967,-1.6138],[-58.6533,-1.5553],[-58.691,-1.5761],[-58.7164,-1.5207],[-58.7398,-1.4978],[-58.8334,-1.4986],[-58.8573,-1.4833],[-58.8641,-1.4543],[-58.9244,-1.4418],[-58.9459,-1.4032],[-58.9705,-1.3832],[-59.0179,-1.3156],[-59.059,-1.3189],[-59.0945,-1.3077],[-59.1217,-1.2791],[-59.1593,-1.2774],[-59.1781,-1.2547],[-59.2379,-1.2137],[-59.2521,-1.189],[-59.3055,-1.1563],[-59.3468,-1.1395],[-59.3797,-1.1477],[-59.3734,-1.2367],[-59.4404,-1.2853],[-59.4425,-1.3193],[-59.4681,-1.3355],[-59.5041,-1.3894],[-59.5194,-1.4329],[-59.4863,-1.454],[-59.4378,-1.4348],[-59.3598,-1.459],[-59.3302,-1.4819],[-59.3054,-1.4839],[-59.2962,-1.4541],[-59.2705,-1.4312],[-59.1914,-1.4464],[-59.1866,-1.473],[-59.1514,-1.5159],[-59.1565,-1.5453],[-59.1276,-1.6075],[-59.1403,-1.6431],[-59.196,-1.7108],[-59.2267,-1.8265],[-59.2517,-1.8332],[-59.2038,-1.918],[-59.2018,-1.9404],[-59.1613,-1.9602],[-59.1623,-1.9855],[-59.1241,-2.0073],[-59.1128,-2.0773],[-59.1284,-2.1007],[-59.1438,-2.1719],[-59.1796,-2.1851],[-59.1787,-2.2102],[-59.1442,-2.2497],[-59.1294,-2.2237],[-59.0824,-2.276]]]},"properties":{"cd_geocmu":"1303957","nome":"São Sebastião do Uatumã","uf":"AM","hc-key":"br-am-1303957"}},{"type":"Feature","geometry":{"type":"Polygon","coordinates":[[[-59.2082,-3.9201],[-59.1482,-3.9221],[-59.1998,-3.9678],[-59.1547,-3.9726],[-59.0549,-3.9628],[-59.028,-3.9336],[-58.9948,-3.9256],[-58.9923,-3.8919],[-58.967,-3.8873],[-58.9191,-3.9094],[-58.8849,-3.8573],[-58.8394,-3.8769],[-58.817,-3.874],[-58.7867,-3.919],[-58.8195,-3.9877],[-58.8138,-4.0152],[-58.7882,-4.0361],[-58.773,-4.0739],[-58.7061,-4.1093],[-58.6791,-4.1572],[-58.6862,-4.2087],[-58.6616,-4.2372],[-58.6573,-4.2638],[-58.6238,-4.2599],[-58.6156,-4.2897],[-58.6522,-4.3466],[-58.6526,-4.3901],[-58.6304,-4.4313],[-58.639,-4.4668],[-58.5843,-4.4645],[-58.5572,-4.493],[-58.5117,-4.4693],[-58.4405,-4.507],[-58.3961,-4.5033],[-58.3846,-4.4607],[-58.3567,-4.4646],[-58.3378,-4.4408],[-58.2942,-4.4276],[-58.2822,-4.3969],[-58.2212,-4.3591],[-58.1913,-4.3514],[-58.1196,-4.3708],[-58.1554,-4.2401],[-58.1836,-4.2176],[-58.2194,-4.2317],[-58.2536,-4.2261],[-58.2815,-4.1615],[-58.3211,-4.142],[-58.3084,-4.1178],[-58.3345,-4.0904],[-58.3479,-4.057],[-58.3831,-4.0129],[-58.4348,-3.9893],[-58.4572,-3.9586],[-58.4647,-3.9247],[-58.407,-3.8948],[-58.3467,-3.8866],[-58.2863,-3.8128],[-58.3092,-3.7435],[-58.2987,-3.6997],[-58.2541,-3.6873],[-58.2169,-3.6973],[-58.2011,-3.6666],[-58.2283,-3.6513],[-58.2407,-3.6111],[-58.3496,-3.5828],[-58.3747,-3.6499],[-58.399,-3.6759],[-58.4267,-3.7279],[-58.4465,-3.7055],[-58.4872,-3.7482],[-58.51,-3.7533],[-58.5178,-3.7126],[-58.5528,-3.6859],[-58.5835,-3.6455],[-58.6223,-3.6239],[-58.647,-3.6292],[-58.655,-3.6572],[-58.6793,-3.6648],[-58.7005,-3.6456],[-58.7043,-3.6158],[-58.7509,-3.5911],[-58.7893,-3.6142],[-58.8744,-3.6041],[-58.8997,-3.6181],[-58.9172,-3.5476],[-58.9854,-3.6073],[-59.0048,-3.6097],[-59.0933,-3.6825],[-59.0996,-3.7021],[-59.0602,-3.7557],[-59.0533,-3.8065],[-59.0903,-3.8651],[-59.105,-3.8756],[-59.1729,-3.8898],[-59.2082,-3.9201]]]},"properties":{"cd_geocmu":"1303106","nome":"Nova Olinda do Norte","uf":"AM","hc-key":"br-am-1303106"}},{"type":"Feature","geometry":{"type":"Polygon","coordinates":[[[-58.1771,-3.0352],[-58.169,-3.0536],[-58.1738,-3.1243],[-58.1926,-3.1879],[-58.0817,-3.1881],[-58.0659,-3.2151],[-58.042,-3.2017],[-58.0131,-3.1491],[-57.9929,-3.1338],[-57.8904,-2.9529],[-57.8785,-2.9636],[-57.8176,-2.9552],[-57.7768,-2.9916],[-57.7394,-2.9617],[-57.6768,-2.9427],[-57.6453,-2.941],[-57.6317,-2.9144],[-57.6012,-2.8899],[-57.5759,-2.837],[-57.4939,-2.8072],[-57.4895,-2.7763],[-57.4557,-2.7445],[-57.4181,-2.7373],[-57.4186,-2.7096],[-57.4576,-2.6949],[-57.4317,-2.6408],[-57.429,-2.5898],[-57.3171,-2.5086],[-57.3523,-2.4559],[-57.592,-2.4573],[-57.6236,-2.5335],[-57.7192,-2.6724],[-57.7899,-2.7343],[-57.837,-2.7577],[-57.8768,-2.7511],[-57.9172,-2.7581],[-57.9582,-2.7968],[-58.0401,-2.8075],[-58.0704,-2.8209],[-58.1104,-2.8592],[-58.1019,-2.8779],[-58.1298,-2.9154],[-58.1415,-2.9685],[-58.1771,-3.0352]]]},"properties":{"cd_geocmu":"1304401","nome":"Urucurituba","uf":"AM","hc-key":"br-am-1304401"}},{"type":"Feature","geometry":{"type":"Polygon","coordinates":[[[-59.907,-3.1378],[-59.9438,-3.1749],[-59.9534,-3.2028],[-59.9868,-3.2171],[-60.0406,-3.1591],[-60.1126,-3.1502],[-60.1689,-3.1277],[-60.202,-3.0952],[-60.2626,-3.0826],[-60.2902,-3.0987],[-60.4696,-3.0903],[-60.5446,-3.035],[-60.5876,-3.0172],[-60.6,-2.9824],[-60.7015,-2.8793],[-60.7056,-2.8619],[-60.7564,-2.8218],[-60.8626,-2.8375],[-60.8732,-2.821],[-60.9136,-2.8119],[-60.9359,-2.837],[-60.9838,-2.8656],[-60.9846,-2.8863],[-60.9616,-2.9279],[-60.9789,-2.9401],[-60.9837,-3.0056],[-60.9476,-3.0034],[-60.9018,-3.0529],[-60.8606,-3.0496],[-60.8103,-3.0993],[-60.7717,-3.0933],[-60.718,-3.1043],[-60.6837,-3.1459],[-60.6141,-3.1305],[-60.5863,-3.1157],[-60.459,-3.1173],[-60.3747,-3.1322],[-60.3746,-3.1665],[-60.3331,-3.2409],[-60.3106,-3.2696],[-60.3547,-3.3056],[-60.3156,-3.3125],[-60.2319,-3.36],[-60.1825,-3.3545],[-60.1192,-3.3416],[-60.0186,-3.2941],[-59.9448,-3.2842],[-59.9038,-3.2553],[-59.8927,-3.1774],[-59.907,-3.1378]]]},"properties":{"cd_geocmu":"1301852","nome":"Iranduba","uf":"AM","hc-key":"br-am-1301852"}},{"type":"Feature","geometry":{"type":"Polygon","coordinates":[[[-66.9582,-5.4199],[-66.9736,-5.3925],[-66.9541,-5.3331],[-66.9334,-5.3197],[-66.9384,-5.2775],[-66.9096,-5.2637],[-66.8847,-5.219],[-66.8391,-5.1936],[-66.8156,-5.1621],[-66.7909,-5.1522],[-66.7698,-5.0845],[-66.7166,-5.0558],[-66.6571,-5.0691],[-66.6257,-5.0856],[-66.6047,-5.0735],[-66.58,-5.0283],[-66.5483,-4.9893],[-66.5291,-4.9508],[-66.4726,-4.915],[-66.4607,-4.8921],[-66.4179,-4.8619],[-66.3875,-4.8243],[-66.3632,-4.828],[-66.3047,-4.7845],[-66.2548,-4.7685],[-66.2385,-4.6682],[-66.1997,-4.6389],[-66.1958,-4.6035],[-66.2063,-4.5711],[-66.2105,-4.4924],[-66.1533,-4.4442],[-66.1508,-4.4249],[-66.1005,-4.3955],[-66.0594,-4.4009],[-65.9502,-4.2946],[-66.0006,-4.2971],[-66.5731,-4.2962],[-66.9321,-4.2956],[-66.92,-4.331],[-66.8911,-4.3722],[-66.8862,-4.411],[-66.8994,-4.4819],[-67.0366,-4.5113],[-67.0485,-4.4901],[-67.1277,-4.482],[-67.1473,-4.4929],[-67.2081,-4.4753],[-67.2331,-4.4761],[-67.2682,-4.4535],[-67.2975,-4.4772],[-67.315,-4.5223],[-67.3499,-4.5267],[-67.3582,-4.5548],[-67.4013,-4.518],[-67.4506,-4.5049],[-67.4769,-4.5129],[-67.4969,-4.5397],[-67.5699,-4.5428],[-67.6035,-4.5903],[-67.6492,-4.5715],[-67.7031,-4.5927],[-67.7682,-4.6569],[-67.8134,-4.6801],[-67.8522,-4.7295],[-67.8728,-4.7804],[-67.9447,-4.7813],[-67.9688,-4.7498],[-67.998,-4.7926],[-67.9947,-4.881],[-68.0033,-4.9095],[-67.9975,-4.9479],[-68.0491,-4.9929],[-68.0414,-5.0418],[-68.0487,-5.0599],[-68.0922,-5.0472],[-68.1135,-5.0872],[-68.1606,-5.1392],[-68.1699,-5.1812],[-68.2008,-5.2206],[-68.1953,-5.2821],[-68.2228,-5.3673],[-68.2094,-5.3976],[-68.2204,-5.4782],[-68.2364,-5.4743],[-68.2744,-5.5031],[-68.2603,-5.521],[-68.2732,-5.575],[-68.2384,-5.5961],[-68.2816,-5.6538],[-68.2321,-5.6864],[-68.2267,-5.7102],[-68.2497,-5.7577],[-68.2187,-5.8059],[-68.2248,-5.8229],[-68.2097,-5.8693],[-68.2147,-5.9252],[-68.2473,-5.9246],[-68.2662,-5.9074],[-68.2959,-5.9223],[-68.3128,-5.9586],[-68.2981,-6.0078],[-68.3055,-6.0509],[-67.8952,-6.0463],[-67.6692,-6.0436],[-67.7028,-5.9977],[-67.6993,-5.9453],[-67.6595,-5.9354],[-67.6296,-5.9513],[-67.5883,-5.9911],[-67.5726,-5.9928],[-67.5622,-5.9442],[-67.545,-5.9126],[-67.5006,-5.8923],[-67.4479,-5.8908],[-67.4253,-5.9204],[-67.366,-5.901],[-67.358,-5.8778],[-67.3888,-5.8247],[-67.3324,-5.7981],[-67.3096,-5.8063],[-67.3004,-5.8483],[-67.2653,-5.8188],[-67.2234,-5.7505],[-67.18,-5.7165],[-67.2029,-5.6943],[-67.1975,-5.6474],[-67.158,-5.6215],[-67.1212,-5.6256],[-67.111,-5.5738],[-67.0391,-5.5223],[-67.0218,-5.4993],[-66.9913,-5.4995],[-66.9766,-5.4444],[-66.9582,-5.4199]]]},"properties":{"cd_geocmu":"1301001","nome":"Carauari","uf":"AM","hc-key":"br-am-1301001"}},{"type":"Feature","geometry":{"type":"Polygon","coordinates":[[[-66.5977,-3.1407],[-66.5976,-3.0975],[-66.6175,-3.0584],[-66.5895,-2.9983],[-66.6218,-2.9434],[-66.6001,-2.8986],[-66.57,-2.8865],[-66.5566,-2.8521],[-66.5936,-2.8026],[-66.5915,-2.7852],[-66.4895,-2.7421],[-66.4632,-2.6914],[-66.4123,-2.6904],[-66.393,-2.7155],[-66.35,-2.7204],[-66.2986,-2.7033],[-66.3739,-2.6471],[-66.3375,-2.6006],[-66.3332,-2.5625],[-66.3721,-2.5561],[-66.4036,-2.5065],[-66.4021,-2.4317],[-66.4135,-2.4031],[-66.4471,-2.3898],[-66.5106,-2.3992],[-66.5613,-2.3988],[-66.5968,-2.3778],[-66.6411,-2.3887],[-66.6482,-2.422],[-66.6177,-2.5024],[-66.6206,-2.5469],[-66.5988,-2.5884],[-66.609,-2.6421],[-66.6631,-2.683],[-66.7305,-2.7182],[-66.7628,-2.7171],[-66.8032,-2.6833],[-66.8598,-2.6573],[-66.8901,-2.6656],[-66.922,-2.7154],[-66.9758,-2.7282],[-67.0239,-2.7154],[-67.048,-2.6977],[-67.0417,-2.645],[-67.057,-2.6165],[-67.0959,-2.6083],[-67.1306,-2.6237],[-67.1618,-2.6796],[-67.215,-2.6836],[-67.2368,-2.6395],[-67.2553,-2.5581],[-67.2911,-2.5423],[-67.291,-2.8834],[-67.3407,-2.8595],[-67.3513,-2.8792],[-67.3834,-2.8784],[-67.44,-2.8916],[-67.4619,-2.869],[-67.5616,-2.8905],[-67.5764,-2.9185],[-67.6064,-2.9425],[-67.6625,-2.8954],[-67.7108,-2.9039],[-67.7428,-2.9337],[-67.755,-2.9718],[-67.7662,-2.9972],[-67.7892,-3.1113],[-67.7918,-3.1451],[-67.8312,-3.2566],[-67.834,-3.3344],[-67.8513,-3.3495],[-67.8454,-3.3815],[-67.8675,-3.4063],[-67.9642,-3.4314],[-67.994,-3.4198],[-68.0636,-3.4146],[-68.0683,-3.4366],[-68.0295,-3.4649],[-68.0474,-3.5325],[-68.0128,-3.5583],[-68.0374,-3.6395],[-68.0356,-3.7348],[-68.1057,-3.7646],[-68.182,-3.7705],[-68.2169,-3.7158],[-68.2561,-3.6937],[-68.3065,-3.7071],[-68.3355,-3.7261],[-68.3837,-3.7232],[-68.4031,-3.7623],[-68.4472,-3.775],[-68.4584,-3.7549],[-68.5085,-3.7229],[-68.5348,-3.6881],[-68.5783,-3.649],[-68.6247,-3.6921],[-68.6676,-3.7078],[-68.7451,-3.6997],[-68.7602,-3.7057],[-68.7712,-3.7471],[-68.825,-3.7439],[-68.8199,-3.7865],[-68.8326,-3.8368],[-68.8208,-3.8593],[-68.8392,-3.8875],[-68.8148,-3.9281],[-68.8156,-3.9545],[-68.8376,-4.0254],[-68.8579,-4.0608],[-68.8802,-4.0705],[-68.9105,-4.1063],[-68.9207,-4.1472],[-68.9508,-4.2087],[-68.9362,-4.2744],[-68.9426,-4.3264],[-69.0121,-4.3446],[-69.0288,-4.412],[-69.0279,-4.5246],[-69.0399,-4.5784],[-69.0836,-4.6207],[-69.0914,-4.6659],[-69.1219,-4.7234],[-69.149,-4.7192],[-69.1815,-4.7948],[-69.2221,-4.8042],[-69.2828,-4.852],[-69.2905,-4.8803],[-69.316,-4.9062],[-69.3441,-4.9648],[-69.3872,-4.9895],[-69.4171,-4.9636],[-69.4271,-5.0388],[-69.4789,-5.1294],[-69.5201,-5.15],[-69.5334,-5.2191],[-69.5941,-5.2069],[-69.6467,-5.2373],[-69.6913,-5.2408],[-69.7007,-5.2583],[-69.7427,-5.2653],[-69.7829,-5.287],[-69.7941,-5.35],[-69.8509,-5.3424],[-69.9299,-5.3697],[-69.9014,-5.4034],[-69.8503,-5.4937],[-69.8944,-5.5412],[-69.8802,-5.6039],[-69.9165,-5.6247],[-69.9044,-5.7064],[-69.9225,-5.7568],[-69.9573,-5.7638],[-69.9812,-5.7887],[-70.0138,-5.9179],[-69.9991,-5.9418],[-70.0265,-5.9897],[-70.1128,-6.0615],[-70.1271,-6.1014],[-70.1167,-6.1246],[-70.1671,-6.2152],[-70.2138,-6.2448],[-70.2296,-6.2442],[-70.3059,-6.2939],[-70.349,-6.2903],[-70.3802,-6.3042],[-70.4044,-6.3755],[-70.4625,-6.3853],[-70.5088,-6.4161],[-70.5327,-6.4574],[-70.5648,-6.4847],[-70.5719,-6.5345],[-70.5365,-6.5629],[-70.4901,-6.5777],[-70.4411,-6.5662],[-70.4198,-6.5797],[-70.4166,-6.6091],[-70.375,-6.6174],[-70.3681,-6.6451],[-70.3081,-6.6355],[-70.2879,-6.6094],[-70.2614,-6.6348],[-70.2457,-6.6025],[-70.2056,-6.5869],[-70.1944,-6.6121],[-70.1435,-6.6084],[-70.0921,-6.6319],[-70.0824,-6.6016],[-70.0149,-6.589],[-69.9823,-6.5636],[-69.9328,-6.5809],[-69.9105,-6.5482],[-69.8562,-6.5508],[-69.8333,-6.57],[-69.8088,-6.5651],[-69.7946,-6.5279],[-69.7965,-6.474],[-69.7684,-6.4394],[-69.7016,-6.4227],[-69.6078,-6.4384],[-69.5886,-6.4608],[-69.5486,-6.468],[-69.5327,-6.4574],[-69.5151,-6.412],[-69.487,-6.389],[-69.4134,-6.3573],[-69.3335,-6.3613],[-69.3119,-6.3066],[-69.2681,-6.2842],[-69.2158,-6.3352],[-69.2166,-6.3805],[-69.237,-6.4132],[-69.2175,-6.4323],[-69.1809,-6.4052],[-69.1577,-6.4181],[-69.1109,-6.3722],[-69.0913,-6.3705],[-69.0368,-6.3986],[-68.9947,-6.3594],[-68.9315,-6.3768],[-68.9023,-6.3623],[-68.8794,-6.417],[-68.8234,-6.4246],[-68.8092,-6.3891],[-68.7692,-6.4013],[-68.7406,-6.4255],[-68.6941,-6.4068],[-68.6636,-6.4049],[-68.666,-6.3712],[-68.6826,-6.355],[-68.6816,-6.307],[-68.6306,-6.2689],[-68.573,-6.2086],[-68.5108,-6.1938],[-68.4877,-6.179],[-68.4327,-6.1646],[-68.4248,-6.1499],[-68.3055,-6.0509],[-68.2981,-6.0078],[-68.3128,-5.9586],[-68.2959,-5.9223],[-68.2662,-5.9074],[-68.2473,-5.9246],[-68.2147,-5.9252],[-68.2097,-5.8693],[-68.2248,-5.8229],[-68.2187,-5.8059],[-68.2497,-5.7577],[-68.2267,-5.7102],[-68.2321,-5.6864],[-68.2816,-5.6538],[-68.2384,-5.5961],[-68.2732,-5.575],[-68.2603,-5.521],[-68.2744,-5.5031],[-68.2364,-5.4743],[-68.2204,-5.4782],[-68.2094,-5.3976],[-68.2228,-5.3673],[-68.1953,-5.2821],[-68.2008,-5.2206],[-68.1699,-5.1812],[-68.1606,-5.1392],[-68.1135,-5.0872],[-68.0922,-5.0472],[-68.0487,-5.0599],[-68.0414,-5.0418],[-68.0491,-4.9929],[-67.9975,-4.9479],[-68.0033,-4.9095],[-67.9947,-4.881],[-67.998,-4.7926],[-67.9688,-4.7498],[-67.9447,-4.7813],[-67.8728,-4.7804],[-67.8522,-4.7295],[-67.8134,-4.6801],[-67.7682,-4.6569],[-67.7031,-4.5927],[-67.6492,-4.5715],[-67.6035,-4.5903],[-67.5699,-4.5428],[-67.4969,-4.5397],[-67.4769,-4.5129],[-67.4506,-4.5049],[-67.4013,-4.518],[-67.3582,-4.5548],[-67.3499,-4.5267],[-67.315,-4.5223],[-67.2975,-4.4772],[-67.2682,-4.4535],[-67.2331,-4.4761],[-67.2081,-4.4753],[-67.1473,-4.4929],[-67.1277,-4.482],[-67.0485,-4.4901],[-67.0366,-4.5113],[-66.8994,-4.4819],[-66.8862,-4.411],[-66.8911,-4.3722],[-66.92,-4.331],[-66.9321,-4.2956],[-66.9328,-4.262],[-66.9148,-4.2313],[-67.0059,-4.175],[-67.06,-4.1275],[-67.0758,-4.0583],[-67.1376,-4.027],[-67.1655,-3.9908],[-67.1971,-3.9067],[-67.176,-3.8823],[-67.1355,-3.9328],[-67.0431,-3.9646],[-67.0014,-3.9881],[-66.9795,-3.9535],[-67.0121,-3.8922],[-66.9885,-3.8553],[-66.971,-3.861],[-66.9767,-3.7476],[-66.9893,-3.7077],[-66.9415,-3.6554],[-66.911,-3.5866],[-66.9467,-3.5538],[-66.9983,-3.5486],[-67.0282,-3.529],[-67.035,-3.4157],[-66.9927,-3.3731],[-66.9957,-3.3412],[-66.9417,-3.3037],[-66.9378,-3.2454],[-66.9069,-3.1658],[-66.8559,-3.1352],[-66.8022,-3.1418],[-66.7724,-3.1682],[-66.7359,-3.1527],[-66.692,-3.1608],[-66.6341,-3.1381],[-66.5977,-3.1407]]]},"properties":{"cd_geocmu":"1302306","nome":"Jutaí","uf":"AM","hc-key":"br-am-1302306"}},{"type":"Feature","geometry":{"type":"Polygon","coordinates":[[[-65.3111,-1.7785],[-65.3106,-1.7502],[-65.3534,-1.7339],[-65.3794,-1.6714],[-65.3536,-1.6386],[-65.2994,-1.5283],[-65.2937,-1.4898],[-65.2029,-1.4785],[-65.1977,-1.4638],[-65.1184,-1.4518],[-65.0861,-1.4585],[-65.0584,-1.4201],[-65.0445,-1.3839],[-65.0749,-1.3651],[-65.0743,-1.3025],[-65.0498,-1.2877],[-65.054,-1.2373],[-65.0316,-1.1664],[-65.0034,-1.1693],[-64.9698,-1.146],[-64.9667,-1.1035],[-64.985,-1.0454],[-64.9551,-1.0192],[-64.8787,-1.0222],[-64.8608,-0.9671],[-64.8622,-0.9364],[-64.8348,-0.8812],[-64.849,-0.8621],[-64.8421,-0.8319],[-64.8113,-0.8244],[-64.7916,-0.8004],[-64.797,-0.7042],[-64.821,-0.6541],[-64.8071,-0.6092],[-64.8084,-0.5677],[-64.8304,-0.5141],[-64.8192,-0.4945],[-64.7612,-0.4578],[-64.7085,-0.4545],[-64.6608,-0.4268],[-64.6101,-0.4253],[-64.536,-0.3938],[-64.4813,-0.3878],[-64.4376,-0.3497],[-64.3134,-0.3323],[-64.2332,-0.3381],[-64.1927,-0.3273],[-64.1616,-0.3036],[-64.0966,-0.2834],[-64.0814,-0.2527],[-64.0853,-0.1881],[-64.1195,-0.1553],[-64.0656,-0.134],[-64.0148,-0.0666],[-64.0007,-0.0099],[-63.9859,-0.0008],[-63.985,0.1092],[-63.9659,0.1175],[-63.9662,0.165],[-63.9948,0.1956],[-63.9876,0.2222],[-64.015,0.2607],[-64.0084,0.3233],[-64.0146,0.3515],[-64.0392,0.3695],[-64.049,0.405],[-64.0555,0.4937],[-64.0745,0.5335],[-64.0841,0.5818],[-64.1466,0.6274],[-64.1644,0.664],[-64.2025,0.6535],[-64.2671,0.707],[-64.355,0.7357],[-64.3966,0.7938],[-64.4411,0.8054],[-64.448,0.8533],[-64.4758,0.8638],[-64.5098,0.8965],[-64.543,0.9043],[-64.5694,0.9334],[-64.5874,0.9849],[-64.6071,0.9935],[-64.6239,1.0307],[-64.7003,1.0368],[-64.7304,1.0782],[-64.7552,1.0881],[-64.7997,1.1315],[-64.82,1.1621],[-64.8638,1.1932],[-64.8527,1.2297],[-64.8196,1.2947],[-64.8434,1.279],[-64.8645,1.2289],[-64.904,1.2513],[-64.9149,1.222],[-64.9468,1.2221],[-64.9917,1.1384],[-65.022,1.1065],[-65.0656,1.117],[-65.0598,1.1395],[-65.1065,1.1552],[-65.1518,1.1087],[-65.156,1.0602],[-65.1752,1.0163],[-65.1615,0.9813],[-65.1745,0.9414],[-65.1977,0.9134],[-65.2328,0.9281],[-65.2504,0.9173],[-65.3041,0.9413],[-65.3318,0.9235],[-65.3563,0.8648],[-65.3958,0.8405],[-65.4044,0.8046],[-65.3998,0.7513],[-65.4241,0.7303],[-65.4458,0.6884],[-65.4845,0.6852],[-65.5298,0.6685],[-65.5435,0.6467],[-65.5914,0.7216],[-65.5749,0.7632],[-65.5515,0.7744],[-65.526,0.827],[-65.5053,0.8352],[-65.4968,0.8738],[-65.5123,0.8948],[-65.5429,0.9701],[-65.6133,1.0112],[-65.6767,1.0006],[-65.7428,1.001],[-65.7702,0.9613],[-65.8214,0.9555],[-65.8381,0.9423],[-65.8868,0.9345],[-65.8902,0.9069],[-65.9424,0.8873],[-65.9582,0.8424],[-66.0144,0.8039],[-66.0339,0.8164],[-66.0672,0.806],[-66.0771,0.762],[-66.1081,0.7653],[-66.1463,0.7476],[-66.1857,0.7808],[-66.204,0.7805],[-66.3106,0.745],[-66.3185,0.752],[-66.3165,0.7361],[-66.2566,0.7125],[-66.2352,0.6842],[-66.1388,0.6292],[-66.1241,0.5737],[-66.1867,0.5323],[-66.2079,0.5313],[-66.266,0.4959],[-66.3087,0.4511],[-66.2909,0.344],[-66.3108,0.3402],[-66.3214,0.2919],[-66.3631,0.2711],[-66.4101,0.222],[-66.3921,0.177],[-66.339,0.1644],[-66.3288,0.1445],[-66.2718,0.1257],[-66.2461,0.1057],[-66.1884,0.1111],[-66.1361,0.0461],[-66.1151,0.032],[-66.1163,-0.0466],[-66.0818,-0.0822],[-66.1186,-0.117],[-66.0827,-0.1364],[-66.0817,-0.1689],[-66.0525,-0.2109],[-66.0471,-0.2443],[-66.001,-0.2358],[-65.9982,-0.2076],[-65.9759,-0.1829],[-65.9452,-0.1948],[-65.9228,-0.1848],[-65.9024,-0.2122],[-65.8889,-0.2609],[-65.8907,-0.3104],[-65.9395,-0.331],[-65.9902,-0.3283],[-66.0121,-0.3515],[-66.067,-0.3545],[-66.0926,-0.3676],[-66.0977,-0.4124],[-66.1205,-0.4269],[-66.1348,-0.4801],[-66.2533,-0.4818],[-66.2853,-0.5081],[-66.2836,-0.5377],[-66.3338,-0.5781],[-66.4068,-0.6017],[-66.4594,-0.5555],[-66.4908,-0.5602],[-66.5085,-0.585],[-66.5678,-0.6041],[-66.6089,-0.6338],[-66.6444,-0.648],[-66.7101,-0.6916],[-66.7024,-0.7617],[-66.7257,-0.8],[-66.6912,-0.8277],[-66.7163,-0.8533],[-66.7397,-0.9018],[-66.741,-0.9493],[-66.764,-0.9892],[-66.8081,-0.9847],[-66.843,-0.9688],[-66.9245,-0.9752],[-66.9544,-1.0353],[-66.9157,-1.0947],[-66.912,-1.1159],[-66.9478,-1.1483],[-67.0159,-1.1667],[-67.0752,-1.1394],[-67.1256,-1.135],[-67.1821,-1.1794],[-67.2097,-1.1898],[-67.2691,-1.236],[-67.3209,-1.2635],[-67.3696,-1.2791],[-67.4985,-1.3546],[-67.5193,-1.4327],[-67.5563,-1.4616],[-67.6161,-1.4736],[-67.6495,-1.5121],[-67.6167,-1.5666],[-67.6086,-1.6122],[-67.5267,-1.6509],[-67.4892,-1.6522],[-67.4389,-1.6407],[-67.3939,-1.6653],[-67.3694,-1.6318],[-67.3439,-1.6184],[-67.2863,-1.6096],[-67.2543,-1.62],[-67.2148,-1.6089],[-67.1515,-1.6043],[-67.1101,-1.5821],[-67.0498,-1.5817],[-67.0062,-1.5946],[-66.9732,-1.5909],[-66.9186,-1.6102],[-66.8527,-1.6078],[-66.8185,-1.5989],[-66.7753,-1.6017],[-66.738,-1.6241],[-66.7052,-1.6239],[-66.6575,-1.6014],[-66.6302,-1.5713],[-66.5518,-1.5364],[-66.5223,-1.5308],[-66.4784,-1.5063],[-66.4532,-1.4787],[-66.387,-1.4694],[-66.3638,-1.485],[-66.3721,-1.5333],[-66.3457,-1.5633],[-66.3168,-1.5692],[-66.2881,-1.5485],[-66.2415,-1.492],[-66.1928,-1.4724],[-66.1485,-1.4418],[-66.0975,-1.4231],[-66.0016,-1.4137],[-65.9422,-1.4125],[-65.8939,-1.4325],[-65.8605,-1.4716],[-65.8178,-1.4732],[-65.7591,-1.5031],[-65.6866,-1.502],[-65.6623,-1.5158],[-65.6395,-1.5567],[-65.648,-1.6056],[-65.641,-1.6362],[-65.6049,-1.6629],[-65.5598,-1.6601],[-65.525,-1.6976],[-65.5259,-1.7672],[-65.496,-1.7984],[-65.4668,-1.744],[-65.4205,-1.7355],[-65.391,-1.7544],[-65.3111,-1.7785]]]},"properties":{"cd_geocmu":"1303601","nome":"Santa Isabel do Rio Negro","uf":"AM","hc-key":"br-am-1303601"}},{"type":"Feature","geometry":{"type":"Polygon","coordinates":[[[-61.4105,-3.6221],[-61.4792,-3.6849],[-61.4343,-3.7587],[-61.4228,-3.8012],[-61.3753,-3.8657],[-61.3752,-3.8884],[-61.4311,-3.9191],[-61.484,-3.9876],[-61.5678,-4.071],[-61.5828,-4.1256],[-61.6433,-4.2118],[-61.6828,-4.2538],[-61.7512,-4.2426],[-61.7954,-4.2733],[-61.8538,-4.2716],[-61.868,-4.2479],[-61.901,-4.2481],[-62.0074,-4.2844],[-62.053,-4.3112],[-62.0585,-4.3684],[-62.1192,-4.4072],[-62.1434,-4.4342],[-62.1778,-4.453],[-62.185,-4.4725],[-62.222,-4.4931],[-62.2587,-4.469],[-62.2855,-4.4767],[-62.3076,-4.534],[-62.3274,-4.5629],[-62.3961,-4.5878],[-62.4507,-4.5957],[-62.5114,-4.6152],[-62.5391,-4.6161],[-62.6291,-4.6401],[-62.6847,-4.6232],[-62.8305,-4.6784],[-62.8748,-4.668],[-62.9082,-4.648],[-62.9454,-4.6621],[-62.9548,-4.7349],[-62.9999,-4.7919],[-62.9439,-4.821],[-62.9267,-4.7892],[-62.8875,-4.802],[-62.8255,-4.7917],[-62.8044,-4.7978],[-62.7697,-4.8406],[-62.7268,-4.8358],[-62.7062,-4.8508],[-62.6969,-4.9093],[-62.7366,-4.9444],[-62.7332,-4.9688],[-62.6937,-4.9624],[-62.6791,-4.9165],[-62.6501,-4.9005],[-62.5772,-5.0007],[-62.3569,-5.2139],[-62.1028,-5.4599],[-62.0812,-5.4156],[-62.0103,-5.3214],[-61.9421,-5.2945],[-61.8609,-5.2155],[-61.7839,-5.1672],[-61.701,-5.0974],[-61.5247,-4.9402],[-61.4438,-4.8915],[-61.4192,-4.8546],[-61.3187,-4.7631],[-61.2936,-4.7119],[-61.2486,-4.6277],[-61.1678,-4.5442],[-61.0094,-4.4235],[-60.849,-4.2822],[-60.8071,-4.1816],[-60.8378,-4.1526],[-60.8939,-4.1706],[-60.9242,-4.1309],[-60.9623,-4.1352],[-60.9665,-4.1068],[-61.0277,-4.0825],[-61.0488,-4.1221],[-61.0979,-4.1345],[-61.1318,-4.1256],[-61.1637,-4.1407],[-61.1637,-3.9749],[-61.0877,-3.918],[-61.0507,-3.8652],[-61.0447,-3.8215],[-61.0621,-3.7949],[-61.1134,-3.7965],[-61.139,-3.764],[-61.1469,-3.7008],[-61.3323,-3.6962],[-61.4105,-3.6221]]]},"properties":{"cd_geocmu":"1300631","nome":"Beruri","uf":"AM","hc-key":"br-am-1300631"}},{"type":"Feature","geometry":{"type":"Polygon","coordinates":[[[-69.9462,-4.2727],[-69.9467,-4.315],[-69.9774,-4.342],[-69.989,-4.3214],[-70.0365,-4.3565],[-70.0508,-4.3256],[-70.0768,-4.32],[-70.077,-4.2858],[-70.1328,-4.2819],[-70.1453,-4.3647],[-70.1367,-4.3815],[-70.1336,-4.4871],[-70.1241,-4.5011],[-70.2594,-4.6502],[-70.2281,-4.6866],[-70.1995,-4.7622],[-70.1676,-4.7673],[-70.1272,-4.8679],[-70.1596,-4.8935],[-70.1556,-4.9865],[-70.1773,-5.0318],[-70.1715,-5.0757],[-70.2056,-5.1099],[-70.2498,-5.1405],[-70.255,-5.1718],[-70.282,-5.187],[-70.3036,-5.2478],[-70.3409,-5.3076],[-70.353,-5.3793],[-70.3864,-5.4279],[-70.4122,-5.4859],[-70.4459,-5.4984],[-70.4439,-5.5395],[-70.4602,-5.5989],[-70.4494,-5.6326],[-70.4657,-5.6703],[-70.4673,-5.7061],[-70.4844,-5.727],[-70.4804,-5.7569],[-70.5339,-5.8462],[-70.5564,-5.8675],[-70.5748,-5.927],[-70.6236,-5.9806],[-70.6324,-6.0194],[-70.5956,-6.0858],[-70.5967,-6.139],[-70.5809,-6.1545],[-70.6052,-6.2444],[-70.6636,-6.2994],[-70.6976,-6.3128],[-70.7047,-6.335],[-70.7392,-6.3751],[-70.7565,-6.3762],[-70.7987,-6.4171],[-70.8206,-6.4631],[-70.8537,-6.4938],[-70.9019,-6.4924],[-70.9362,-6.5267],[-70.9604,-6.5163],[-70.9889,-6.5343],[-71.0486,-6.5438],[-71.0862,-6.6065],[-71.1679,-6.6193],[-71.2318,-6.6158],[-71.3022,-6.6781],[-71.3433,-6.6813],[-71.3001,-6.6908],[-71.2806,-6.7207],[-71.1895,-6.7269],[-71.1805,-6.709],[-71.1435,-6.7063],[-71.0908,-6.6605],[-70.9935,-6.6468],[-70.9755,-6.651],[-70.93,-6.697],[-70.8642,-6.7264],[-70.7904,-6.7072],[-70.7722,-6.656],[-70.7308,-6.6541],[-70.6536,-6.5951],[-70.6173,-6.6069],[-70.5952,-6.5954],[-70.5719,-6.5345],[-70.5648,-6.4847],[-70.5327,-6.4574],[-70.5088,-6.4161],[-70.4625,-6.3853],[-70.4044,-6.3755],[-70.3802,-6.3042],[-70.349,-6.2903],[-70.3667,-6.2299],[-70.3989,-6.1868],[-70.436,-6.194],[-70.4454,-6.1777],[-70.4256,-6.121],[-70.3944,-6.0882],[-70.3646,-6.0398],[-70.3077,-6.0118],[-70.3102,-5.9607],[-70.3235,-5.9345],[-70.307,-5.9146],[-70.2983,-5.8557],[-70.2695,-5.8299],[-70.2742,-5.7957],[-70.259,-5.7521],[-70.2581,-5.68],[-70.2811,-5.6665],[-70.2864,-5.6284],[-70.2539,-5.6187],[-70.2372,-5.5631],[-70.211,-5.5422],[-70.1978,-5.5097],[-70.1825,-5.4246],[-70.1891,-5.3658],[-70.1504,-5.2904],[-70.1561,-5.2459],[-70.1442,-5.2124],[-70.1119,-5.1849],[-70.0921,-5.1336],[-70.0439,-5.093],[-69.9989,-5.0167],[-69.9484,-5.0007],[-69.9504,-4.9718],[-69.9746,-4.9186],[-69.9684,-4.8958],[-69.9336,-4.856],[-69.8947,-4.7836],[-69.8853,-4.7336],[-69.8322,-4.7077],[-69.764,-4.6537],[-69.7173,-4.5937],[-69.6949,-4.5801],[-69.6147,-4.574],[-69.6103,-4.5144],[-69.5484,-4.5026],[-69.5313,-4.456],[-69.5035,-4.4295],[-69.4479,-4.4237],[-69.4372,-4.3845],[-69.4491,-4.3566],[-69.4904,-4.341],[-69.5161,-4.3194],[-69.5331,-4.2791],[-69.5705,-4.3092],[-69.641,-4.3123],[-69.7096,-4.3507],[-69.781,-4.3722],[-69.8513,-4.3396],[-69.9462,-4.2727]]]},"properties":{"cd_geocmu":"1300607","nome":"Benjamin Constant","uf":"AM","hc-key":"br-am-1300607"}},{"type":"Feature","geometry":{"type":"Polygon","coordinates":[[[-69.491,-7.2032],[-69.4849,-7.1808],[-69.4564,-7.1705],[-69.4544,-7.1462],[-69.483,-7.1289],[-69.4865,-7.1058],[-69.4139,-7.0746],[-69.3901,-7.0265],[-69.3611,-7.0126],[-69.2864,-7.0122],[-69.2363,-6.9929],[-69.1928,-6.9449],[-69.1655,-6.9609],[-69.1326,-6.9615],[-69.127,-7.0159],[-69.0525,-7.05],[-69.0401,-7.029],[-69.0127,-7.0348],[-68.9963,-7.0581],[-68.903,-7.1051],[-68.8406,-7.1086],[-68.8066,-7.0995],[-68.7298,-7.1221],[-68.6886,-7.1022],[-68.6565,-7.1039],[-68.6055,-7.1421],[-68.5989,-7.1789],[-68.5429,-7.2238],[-68.5342,-7.247],[-68.4927,-7.2485],[-68.4767,-7.2204],[-68.4912,-7.1915],[-68.4876,-7.1616],[-68.4571,-7.1575],[-68.3872,-7.1794],[-68.3455,-7.1745],[-68.3196,-7.1589],[-68.2731,-7.1778],[-68.2023,-7.1422],[-68.1725,-7.1686],[-68.1148,-7.1465],[-68.0772,-7.1441],[-68.0415,-7.1172],[-68.0005,-7.1507],[-67.9146,-7.155],[-67.8822,-7.2096],[-67.8763,-7.2406],[-67.8394,-7.2523],[-67.7247,-7.2629],[-67.6918,-7.3093],[-67.698,-7.3314],[-67.655,-7.3566],[-67.6418,-7.3994],[-67.5986,-7.402],[-67.5651,-7.3493],[-67.5229,-7.3254],[-67.5032,-7.2923],[-67.5006,-7.2472],[-67.4907,-7.1713],[-67.4449,-7.0004],[-67.4132,-6.9535],[-67.4163,-6.8904],[-67.379,-6.8532],[-67.3776,-6.813],[-67.3408,-6.812],[-67.3225,-6.8259],[-67.2832,-6.826],[-67.2565,-6.8384],[-67.1755,-6.8201],[-67.1596,-6.7855],[-67.1287,-6.7748],[-67.0973,-6.7927],[-67.0435,-6.7718],[-67.0213,-6.7456],[-66.9777,-6.775],[-66.9325,-6.7904],[-66.9166,-6.8105],[-66.8911,-6.8003],[-66.8185,-6.8026],[-66.7978,-6.8123],[-66.7755,-6.7911],[-66.7409,-6.8018],[-66.6242,-6.7584],[-66.5717,-6.7302],[-66.5383,-6.7418],[-66.448,-6.7292],[-66.4246,-6.7172],[-66.4069,-6.664],[-66.3895,-6.6418],[-66.4286,-6.6061],[-66.4463,-6.6064],[-66.4788,-6.5683],[-66.5239,-6.5777],[-66.5351,-6.5654],[-66.6203,-6.5521],[-66.6709,-6.5193],[-66.7794,-6.4966],[-66.8104,-6.4689],[-66.8242,-6.4389],[-66.863,-6.4095],[-66.9869,-6.3766],[-67.0447,-6.3872],[-67.0916,-6.3327],[-67.1471,-6.3424],[-67.2082,-6.333],[-67.23,-6.3566],[-67.2588,-6.4188],[-67.3118,-6.4245],[-67.3505,-6.4514],[-67.3733,-6.4926],[-67.4263,-6.5193],[-67.4534,-6.5023],[-67.5093,-6.5426],[-67.5321,-6.5363],[-67.6405,-6.5692],[-67.7104,-6.5485],[-67.7414,-6.5094],[-67.7972,-6.5197],[-67.7745,-6.4715],[-67.7811,-6.4564],[-67.7543,-6.3832],[-67.7336,-6.3521],[-67.7007,-6.3299],[-67.6969,-6.3012],[-67.6665,-6.2545],[-67.6216,-6.2395],[-67.645,-6.1782],[-67.6784,-6.1415],[-67.669,-6.0964],[-67.6692,-6.0436],[-67.8952,-6.0463],[-68.3055,-6.0509],[-68.4248,-6.1499],[-68.4327,-6.1646],[-68.4877,-6.179],[-68.5108,-6.1938],[-68.573,-6.2086],[-68.6306,-6.2689],[-68.6816,-6.307],[-68.6826,-6.355],[-68.666,-6.3712],[-68.6636,-6.4049],[-68.6941,-6.4068],[-68.7406,-6.4255],[-68.7692,-6.4013],[-68.8092,-6.3891],[-68.8234,-6.4246],[-68.8794,-6.417],[-68.9023,-6.3623],[-68.9315,-6.3768],[-68.9947,-6.3594],[-69.0368,-6.3986],[-69.0913,-6.3705],[-69.1109,-6.3722],[-69.1577,-6.4181],[-69.1809,-6.4052],[-69.2175,-6.4323],[-69.237,-6.4132],[-69.2166,-6.3805],[-69.2158,-6.3352],[-69.2681,-6.2842],[-69.3119,-6.3066],[-69.3335,-6.3613],[-69.335,-6.6862],[-69.354,-6.7236],[-69.3584,-6.764],[-69.3748,-6.7934],[-69.368,-6.8932],[-69.4203,-6.9494],[-69.4452,-7.004],[-69.4709,-7.0224],[-69.533,-7.0481],[-69.5161,-7.1145],[-69.5218,-7.1782],[-69.491,-7.2032]]]},"properties":{"cd_geocmu":"1301951","nome":"Itamarati","uf":"AM","hc-key":"br-am-1301951"}},{"type":"Feature","geometry":{"type":"Polygon","coordinates":[[[-62.1028,-5.4599],[-62.3569,-5.2139],[-62.5772,-5.0007],[-62.6501,-4.9005],[-62.6791,-4.9165],[-62.6937,-4.9624],[-62.7332,-4.9688],[-62.7366,-4.9444],[-62.6969,-4.9093],[-62.7062,-4.8508],[-62.7268,-4.8358],[-62.7697,-4.8406],[-62.8044,-4.7978],[-62.8255,-4.7917],[-62.8875,-4.802],[-62.9267,-4.7892],[-62.9439,-4.821],[-62.9999,-4.7919],[-62.9902,-4.7441],[-63.0311,-4.7052],[-63.0519,-4.7243],[-63.0938,-4.7345],[-63.1293,-4.7606],[-63.1779,-4.7682],[-63.2212,-4.8163],[-63.2484,-4.9066],[-63.2782,-4.9266],[-63.3027,-4.963],[-63.3409,-5.0006],[-63.342,-5.0542],[-63.3721,-5.1218],[-63.4415,-5.1509],[-63.5541,-5.1561],[-63.6035,-5.1364],[-63.6371,-5.1432],[-63.6924,-5.1127],[-63.7132,-5.1111],[-63.8252,-5.1524],[-63.883,-5.1938],[-63.9268,-5.2102],[-63.945,-5.2361],[-64.0257,-5.2672],[-64.0491,-5.3255],[-64.0862,-5.374],[-64.1112,-5.4233],[-64.1643,-5.4258],[-64.2324,-5.4739],[-64.2987,-5.4806],[-64.4054,-5.5492],[-64.4433,-5.5633],[-64.4522,-5.6002],[-64.4739,-5.6346],[-64.4767,-5.6703],[-64.5244,-5.6998],[-64.5424,-5.684],[-64.6038,-5.6984],[-64.6702,-5.7686],[-64.7233,-5.8026],[-64.7638,-5.8048],[-64.8129,-5.787],[-64.8558,-5.7844],[-64.9069,-5.7593],[-64.9614,-5.7454],[-65.0693,-5.7522],[-65.1172,-5.7041],[-65.1465,-5.6965],[-65.1968,-5.7346],[-65.241,-5.7405],[-65.2584,-5.7074],[-65.3237,-5.6868],[-65.3566,-5.6459],[-65.3986,-5.6449],[-65.4527,-5.6739],[-65.5295,-5.6425],[-65.5693,-5.6134],[-65.6005,-5.573],[-65.6097,-5.5272],[-65.626,-5.5225],[-65.6653,-5.5529],[-65.6892,-5.5467],[-65.7102,-5.5141],[-65.73,-5.4459],[-65.7531,-5.4515],[-65.7855,-5.4917],[-65.8448,-5.4923],[-65.8757,-5.4482],[-65.9006,-5.437],[-65.9649,-5.3984],[-65.9979,-5.417],[-66.0748,-5.4185],[-66.0845,-5.3791],[-66.1161,-5.3701],[-66.1441,-5.3905],[-66.1578,-5.3699],[-66.2686,-5.3566],[-66.2943,-5.3602],[-66.3369,-5.3859],[-66.3522,-5.382],[-66.389,-5.4142],[-66.4285,-5.4321],[-66.4949,-5.4335],[-66.5178,-5.4448],[-66.5648,-5.3936],[-66.584,-5.4669],[-66.6305,-5.4872],[-66.6696,-5.5294],[-66.6853,-5.5594],[-66.715,-5.5458],[-66.7857,-5.5472],[-66.8098,-5.5306],[-66.8576,-5.52],[-66.9032,-5.4969],[-66.9034,-5.4525],[-66.9582,-5.4199],[-66.9766,-5.4444],[-66.9913,-5.4995],[-67.0218,-5.4993],[-67.0391,-5.5223],[-67.111,-5.5738],[-67.1212,-5.6256],[-67.158,-5.6215],[-67.1975,-5.6474],[-67.2029,-5.6943],[-67.18,-5.7165],[-67.2234,-5.7505],[-67.2653,-5.8188],[-67.3004,-5.8483],[-67.3096,-5.8063],[-67.3324,-5.7981],[-67.3888,-5.8247],[-67.358,-5.8778],[-67.366,-5.901],[-67.4253,-5.9204],[-67.4479,-5.8908],[-67.5006,-5.8923],[-67.545,-5.9126],[-67.5622,-5.9442],[-67.5726,-5.9928],[-67.5883,-5.9911],[-67.6296,-5.9513],[-67.6595,-5.9354],[-67.6993,-5.9453],[-67.7028,-5.9977],[-67.6692,-6.0436],[-67.669,-6.0964],[-67.6784,-6.1415],[-67.645,-6.1782],[-67.6216,-6.2395],[-67.6665,-6.2545],[-67.6969,-6.3012],[-67.7007,-6.3299],[-67.7336,-6.3521],[-67.7543,-6.3832],[-67.7811,-6.4564],[-67.7745,-6.4715],[-67.7972,-6.5197],[-67.7414,-6.5094],[-67.7104,-6.5485],[-67.6405,-6.5692],[-67.5321,-6.5363],[-67.5093,-6.5426],[-67.4534,-6.5023],[-67.4263,-6.5193],[-67.3733,-6.4926],[-67.3505,-6.4514],[-67.3118,-6.4245],[-67.2588,-6.4188],[-67.23,-6.3566],[-67.2082,-6.333],[-67.1471,-6.3424],[-67.0916,-6.3327],[-67.0447,-6.3872],[-66.9869,-6.3766],[-66.863,-6.4095],[-66.8242,-6.4389],[-66.8104,-6.4689],[-66.7794,-6.4966],[-66.6709,-6.5193],[-66.6203,-6.5521],[-66.5351,-6.5654],[-66.5239,-6.5777],[-66.4788,-6.5683],[-66.4463,-6.6064],[-66.4286,-6.6061],[-66.3895,-6.6418],[-66.4069,-6.664],[-66.4246,-6.7172],[-66.448,-6.7292],[-66.5383,-6.7418],[-66.5717,-6.7302],[-66.6242,-6.7584],[-66.7409,-6.8018],[-66.7755,-6.7911],[-66.7978,-6.8123],[-66.8185,-6.8026],[-66.8911,-6.8003],[-66.9166,-6.8105],[-66.9325,-6.7904],[-66.9777,-6.775],[-67.0213,-6.7456],[-67.0435,-6.7718],[-67.0973,-6.7927],[-67.1287,-6.7748],[-67.1596,-6.7855],[-67.1755,-6.8201],[-67.2565,-6.8384],[-67.2832,-6.826],[-67.3225,-6.8259],[-67.3408,-6.812],[-67.3776,-6.813],[-67.379,-6.8532],[-67.4163,-6.8904],[-67.4132,-6.9535],[-67.4449,-7.0004],[-67.4907,-7.1713],[-67.4452,-7.1717],[-67.4055,-7.1391],[-67.4083,-7.1226],[-67.3423,-7.0733],[-67.3434,-7.0496],[-67.2704,-7.0033],[-67.222,-7.0004],[-67.2139,-6.9602],[-67.141,-6.9621],[-67.1209,-6.9486],[-67.0711,-6.9708],[-67.034,-6.9676],[-66.987,-6.9975],[-66.9724,-7.0288],[-66.9363,-7.0458],[-66.9163,-7.0706],[-66.9229,-7.0934],[-66.881,-7.1231],[-66.8574,-7.1536],[-66.8304,-7.1358],[-66.7817,-7.1773],[-66.7492,-7.1677],[-66.7101,-7.1761],[-66.6847,-7.1961],[-66.6894,-7.2326],[-66.6615,-7.253],[-66.6058,-7.25],[-66.5753,-7.2069],[-66.5471,-7.2231],[-66.5152,-7.261],[-66.4785,-7.2341],[-66.4448,-7.2566],[-66.3793,-7.2565],[-66.3093,-7.2814],[-66.2978,-7.3026],[-66.2578,-7.3268],[-66.1887,-7.2999],[-66.1476,-7.3392],[-66.1233,-7.3456],[-66.0916,-7.3218],[-66.0394,-7.331],[-66.0084,-7.3087],[-65.9777,-7.3089],[-65.9543,-7.2879],[-65.8726,-7.266],[-65.8095,-7.2805],[-65.7722,-7.2533],[-65.77,-7.2345],[-65.7305,-7.2193],[-65.6243,-7.2595],[-65.5776,-7.2404],[-65.5161,-7.2589],[-65.4923,-7.2471],[-65.4778,-7.2762],[-65.4413,-7.2839],[-65.3989,-7.276],[-65.3668,-7.2502],[-65.2977,-7.2343],[-65.2524,-7.1934],[-65.1963,-7.1768],[-65.1094,-7.1351],[-65.0951,-7.1047],[-65.0392,-7.0732],[-65.034,-7.055],[-64.9842,-7.0339],[-64.9786,-6.9869],[-65.0172,-6.9501],[-64.9823,-6.8903],[-64.9893,-6.8295],[-65.006,-6.7975],[-64.9647,-6.7472],[-64.9327,-6.6841],[-64.8988,-6.6769],[-64.8888,-6.6993],[-64.9137,-6.7475],[-64.8849,-6.7491],[-64.7678,-6.7255],[-64.7597,-6.6941],[-64.7366,-6.6716],[-64.7345,-6.6266],[-64.6904,-6.5867],[-64.6769,-6.5615],[-64.6646,-6.4885],[-64.6373,-6.4616],[-64.6329,-6.3932],[-64.6245,-6.3785],[-64.5641,-6.3353],[-64.5399,-6.3046],[-64.5153,-6.2078],[-64.478,-6.1859],[-64.4566,-6.1598],[-64.4524,-6.1309],[-64.4305,-6.1002],[-64.3877,-6.0966],[-64.3885,-5.9267],[-64.363,-5.9151],[-64.2735,-5.9387],[-63.9595,-6.1978],[-63.5944,-6.4992],[-63.1786,-6.8423],[-63.165,-6.846],[-63.0498,-6.8445],[-63.0103,-6.7833],[-62.9702,-6.6881],[-62.9442,-6.5532],[-62.8949,-6.4865],[-62.8636,-6.4299],[-62.7918,-6.3558],[-62.7415,-6.2751],[-62.645,-6.1881],[-62.5675,-6.0951],[-62.4926,-5.9726],[-62.4432,-5.935],[-62.3321,-5.8178],[-62.2904,-5.7581],[-62.1601,-5.5507],[-62.1254,-5.5053],[-62.1028,-5.4599]]]},"properties":{"cd_geocmu":"1304104","nome":"Tapauá","uf":"AM","hc-key":"br-am-1304104"}},{"type":"Feature","geometry":{"type":"Polygon","coordinates":[[[-58.0705,-3.3064],[-58.0623,-3.3393],[-57.9508,-3.3442],[-57.9006,-3.2843],[-57.878,-3.2933],[-57.835,-3.2777],[-57.8093,-3.2249],[-57.7943,-3.1666],[-57.7959,-3.1336],[-57.6162,-3.1337],[-57.6336,-3.1789],[-57.6366,-3.2482],[-57.6218,-3.3061],[-57.5894,-3.34],[-57.5675,-3.3215],[-57.5159,-3.3245],[-57.5096,-3.3701],[-57.4875,-3.4434],[-57.435,-3.5003],[-57.3702,-3.5139],[-57.3717,-3.4781],[-57.3586,-3.4387],[-57.3739,-3.3327],[-57.3921,-3.3237],[-57.4038,-3.2764],[-57.4227,-3.2886],[-57.4561,-3.2664],[-57.4595,-3.0344],[-57.4346,-3.0068],[-57.412,-3.0184],[-57.3534,-2.9376],[-57.3547,-2.9114],[-57.3978,-2.917],[-57.425,-2.9395],[-57.4674,-2.9488],[-57.4824,-2.871],[-57.4365,-2.8438],[-57.4939,-2.8072],[-57.5759,-2.837],[-57.6012,-2.8899],[-57.6317,-2.9144],[-57.6453,-2.941],[-57.6768,-2.9427],[-57.7394,-2.9617],[-57.7768,-2.9916],[-57.8176,-2.9552],[-57.8785,-2.9636],[-57.8904,-2.9529],[-57.9929,-3.1338],[-58.0131,-3.1491],[-58.042,-3.2017],[-58.0659,-3.2151],[-58.0705,-3.3064]]]},"properties":{"cd_geocmu":"1300680","nome":"Boa Vista do Ramos","uf":"AM","hc-key":"br-am-1300680"}},{"type":"Feature","geometry":{"type":"Polygon","coordinates":[[[-65.0392,-7.0732],[-65.0951,-7.1047],[-65.1094,-7.1351],[-65.1963,-7.1768],[-65.2524,-7.1934],[-65.2977,-7.2343],[-65.3668,-7.2502],[-65.3989,-7.276],[-65.4413,-7.2839],[-65.4778,-7.2762],[-65.4923,-7.2471],[-65.5161,-7.2589],[-65.5776,-7.2404],[-65.6243,-7.2595],[-65.7305,-7.2193],[-65.77,-7.2345],[-65.7722,-7.2533],[-65.8095,-7.2805],[-65.8726,-7.266],[-65.9543,-7.2879],[-65.9777,-7.3089],[-66.0084,-7.3087],[-66.0394,-7.331],[-66.0916,-7.3218],[-66.1233,-7.3456],[-66.1476,-7.3392],[-66.1887,-7.2999],[-66.2578,-7.3268],[-66.2978,-7.3026],[-66.3093,-7.2814],[-66.3793,-7.2565],[-66.4448,-7.2566],[-66.4785,-7.2341],[-66.5152,-7.261],[-66.5471,-7.2231],[-66.5753,-7.2069],[-66.6058,-7.25],[-66.6615,-7.253],[-66.6894,-7.2326],[-66.6847,-7.1961],[-66.7101,-7.1761],[-66.7492,-7.1677],[-66.7817,-7.1773],[-66.8304,-7.1358],[-66.8574,-7.1536],[-66.881,-7.1231],[-66.9229,-7.0934],[-66.9163,-7.0706],[-66.9363,-7.0458],[-66.9724,-7.0288],[-66.987,-6.9975],[-67.034,-6.9676],[-67.0711,-6.9708],[-67.1209,-6.9486],[-67.141,-6.9621],[-67.2139,-6.9602],[-67.222,-7.0004],[-67.2704,-7.0033],[-67.3434,-7.0496],[-67.3423,-7.0733],[-67.4083,-7.1226],[-67.4055,-7.1391],[-67.4452,-7.1717],[-67.4907,-7.1713],[-67.5006,-7.2472],[-67.4689,-7.2603],[-67.4422,-7.2873],[-67.3837,-7.287],[-67.3484,-7.276],[-67.3376,-7.2532],[-67.3496,-7.1765],[-67.3264,-7.1551],[-67.2633,-7.0764],[-67.209,-7.0596],[-67.1403,-7.0513],[-67.1272,-7.0246],[-67.0699,-7.0088],[-67.034,-7.0456],[-67.0312,-7.0872],[-67.0057,-7.0877],[-66.9956,-7.1187],[-66.9646,-7.1456],[-66.9426,-7.1933],[-66.9585,-7.2131],[-66.928,-7.2493],[-66.8807,-7.2676],[-66.7861,-7.3437],[-66.7565,-7.3468],[-66.74,-7.3779],[-66.6754,-7.4285],[-66.6758,-7.4454],[-66.6167,-7.4714],[-66.6088,-7.4881],[-66.5168,-7.4999],[-66.4849,-7.5177],[-66.4201,-7.4839],[-66.3756,-7.489],[-66.3656,-7.5388],[-66.4007,-7.5714],[-66.4689,-7.5664],[-66.5029,-7.599],[-66.5558,-7.6032],[-66.5758,-7.644],[-66.6083,-7.6416],[-66.6233,-7.6767],[-66.7022,-7.7015],[-66.7167,-7.7366],[-66.7621,-7.7838],[-66.7908,-7.7923],[-66.8319,-7.8263],[-66.8129,-7.8372],[-66.8164,-7.8693],[-66.8479,-7.9063],[-66.8742,-7.9697],[-66.8838,-8.0138],[-66.8673,-8.045],[-66.863,-8.0929],[-66.8777,-8.1081],[-66.8851,-8.1521],[-66.8592,-8.1902],[-66.9069,-8.235],[-66.9369,-8.3196],[-66.9231,-8.3347],[-66.9096,-8.3969],[-66.927,-8.42],[-66.9259,-8.4542],[-66.9503,-8.4695],[-67.0578,-8.5052],[-67.0608,-8.5474],[-67.0981,-8.5836],[-67.0876,-8.6372],[-67.1129,-8.6455],[-67.1431,-8.7008],[-67.1425,-8.7328],[-67.086,-8.8041],[-67.1054,-8.8373],[-67.0821,-8.884],[-67.0965,-8.9381],[-67.1293,-8.95],[-67.1399,-8.972],[-67.1989,-8.9842],[-67.1707,-9.017],[-67.1975,-9.0299],[-67.2077,-9.0615],[-67.2396,-9.0621],[-67.2576,-9.1138],[-67.286,-9.133],[-67.2948,-9.1645],[-67.2815,-9.1866],[-67.2913,-9.2145],[-67.2859,-9.251],[-67.3127,-9.3159],[-67.2775,-9.3347],[-67.2765,-9.3898],[-67.2949,-9.4432],[-67.2836,-9.5125],[-67.326,-9.5923],[-67.3255,-9.5925],[-67.135,-9.6759],[-66.8103,-9.818],[-66.7806,-9.7914],[-66.7754,-9.7531],[-66.7254,-9.7561],[-66.6849,-9.7146],[-66.6242,-9.6808],[-66.5863,-9.6736],[-66.5369,-9.6435],[-66.5006,-9.6336],[-66.4949,-9.6016],[-66.4389,-9.5544],[-66.3924,-9.5005],[-66.3748,-9.4264],[-66.2597,-9.411],[-66.2434,-9.4294],[-66.1736,-9.4344],[-66.1239,-9.4088],[-66.0597,-9.4182],[-66.0424,-9.4024],[-65.9703,-9.4132],[-65.9319,-9.4476],[-65.918,-9.4782],[-65.8809,-9.4875],[-65.8482,-9.5323],[-65.8251,-9.5301],[-65.8,-9.585],[-65.73,-9.5631],[-65.6961,-9.5077],[-65.681,-9.5004],[-65.6794,-9.4514],[-65.5881,-9.4138],[-65.5482,-9.426],[-65.5032,-9.47],[-65.4567,-9.4705],[-65.4321,-9.4586],[-65.4566,-9.4012],[-65.4473,-9.3794],[-65.4402,-9.3117],[-65.3775,-9.3244],[-65.2467,-9.2577],[-65.2118,-9.279],[-65.209,-9.3096],[-65.1883,-9.3449],[-65.1962,-9.3753],[-65.1735,-9.3854],[-65.1855,-9.427],[-65.1429,-9.4468],[-65.0889,-9.4251],[-65.0535,-9.4021],[-65.0005,-9.3046],[-64.9629,-9.2928],[-64.9197,-9.2203],[-64.9399,-9.1246],[-64.9157,-9.0746],[-64.8706,-9.0122],[-64.8078,-8.9856],[-64.778,-8.9945],[-64.7612,-9.0206],[-64.7137,-8.9939],[-64.6834,-8.9936],[-64.6714,-9.0148],[-64.6415,-9.0066],[-64.6111,-9.0165],[-64.5789,-8.9884],[-64.5818,-8.9507],[-64.5317,-8.9256],[-64.5357,-8.8732],[-64.509,-8.8156],[-64.4818,-8.8067],[-64.4225,-8.8328],[-64.3895,-8.7776],[-64.3328,-8.7579],[-64.3839,-8.6903],[-64.3976,-8.6528],[-64.4422,-8.6524],[-64.5029,-8.5946],[-64.488,-8.575],[-64.4925,-8.5263],[-64.5355,-8.4938],[-64.5307,-8.4435],[-64.5149,-8.4231],[-64.5042,-8.324],[-64.4844,-8.3136],[-64.4662,-8.2664],[-64.4069,-8.2072],[-64.3938,-8.1635],[-64.4015,-8.1439],[-64.3937,-8.0962],[-64.3995,-8.0427],[-64.4192,-7.9696],[-64.421,-7.9281],[-64.4442,-7.8962],[-64.4376,-7.8388],[-64.413,-7.7997],[-64.4272,-7.7658],[-64.3974,-7.6965],[-64.4156,-7.6578],[-64.4061,-7.6277],[-64.4214,-7.6044],[-64.4644,-7.5743],[-64.5018,-7.5593],[-64.5076,-7.5333],[-64.4926,-7.4895],[-64.4964,-7.4531],[-64.5319,-7.4272],[-64.5418,-7.3872],[-64.5307,-7.3485],[-64.5587,-7.3221],[-64.548,-7.2979],[-64.5558,-7.217],[-64.581,-7.1704],[-64.5714,-7.0752],[-64.7752,-7.0754],[-65.0392,-7.0732]]]},"properties":{"cd_geocmu":"1302405","nome":"Lábrea","uf":"AM","hc-key":"br-am-1302405"}},{"type":"Feature","geometry":{"type":"Polygon","coordinates":[[[-60.1854,-3.3586],[-60.2138,-3.3682],[-60.3022,-3.4435],[-60.2638,-3.4986],[-60.2937,-3.5222],[-60.2923,-3.5504],[-60.3141,-3.5888],[-60.3088,-3.6434],[-60.3275,-3.6577],[-60.4093,-3.5907],[-60.4545,-3.6303],[-60.4246,-3.7118],[-60.4486,-3.7175],[-60.4757,-3.7654],[-60.5477,-3.8235],[-60.5715,-3.8304],[-60.5749,-3.8731],[-60.5917,-3.9014],[-60.593,-3.9508],[-60.6059,-3.9812],[-60.6051,-4.0254],[-60.7981,-4.1681],[-60.8071,-4.1816],[-60.7593,-4.2021],[-60.6812,-4.2063],[-60.6397,-4.2013],[-60.6188,-4.1749],[-60.545,-4.1649],[-60.5016,-4.139],[-60.4726,-4.1445],[-60.4186,-4.1748],[-60.3214,-4.189],[-60.287,-4.1645],[-60.1998,-4.1499],[-60.1731,-4.1373],[-60.1313,-4.1928],[-60.0999,-4.1518],[-60.1165,-4.099],[-60.1192,-4.0613],[-60.1043,-3.9991],[-60.0848,-4.0021],[-60.0642,-3.9615],[-59.9526,-3.9627],[-59.9205,-3.9883],[-59.8885,-3.9104],[-59.8693,-3.9059],[-59.8552,-3.8658],[-59.828,-3.8384],[-59.8335,-3.7519],[-59.8111,-3.6955],[-59.7872,-3.5004],[-59.775,-3.4636],[-59.748,-3.4578],[-59.7213,-3.4333],[-59.6973,-3.4415],[-59.6717,-3.3531],[-59.7196,-3.356],[-59.7514,-3.3361],[-59.8281,-3.3527],[-59.8784,-3.344],[-59.8786,-3.2983],[-59.9523,-3.3051],[-60.0277,-3.3798],[-60.0521,-3.3614],[-60.1854,-3.3586]]]},"properties":{"cd_geocmu":"1301100","nome":"Careiro","uf":"AM","hc-key":"br-am-1301100"}},{"type":"Feature","geometry":{"type":"Polygon","coordinates":[[[-64.5149,-3.336],[-64.5145,-3.3386],[-64.4629,-3.4139],[-64.4441,-3.4635],[-64.3871,-3.5034],[-64.355,-3.5368],[-64.2614,-3.5936],[-64.2573,-3.5967],[-64.2158,-3.6246],[-64.1774,-3.6626],[-64.1296,-3.6877],[-64.0716,-3.7043],[-63.9878,-3.7068],[-63.9777,-3.7645],[-63.9421,-3.8129],[-63.867,-3.8112],[-63.786,-3.7995],[-63.8276,-3.7797],[-63.8446,-3.7986],[-63.8816,-3.792],[-63.9265,-3.7369],[-63.9196,-3.6565],[-63.9864,-3.6028],[-64.0202,-3.6229],[-64.0626,-3.5436],[-64.1089,-3.5389],[-64.1289,-3.5166],[-64.1584,-3.5112],[-64.1582,-3.4774],[-64.1378,-3.4486],[-64.1518,-3.4211],[-64.1285,-3.3647],[-64.0835,-3.3569],[-64.0874,-3.3303],[-64.1111,-3.3121],[-64.1685,-3.247],[-64.1941,-3.2514],[-64.2374,-3.2034],[-64.2547,-3.1703],[-64.2914,-3.1518],[-64.2693,-3.1078],[-64.3212,-3.0962],[-64.3305,-3.0269],[-64.3621,-3.0121],[-64.379,-2.9871],[-64.4359,-2.9479],[-64.4474,-2.9291],[-64.4483,-2.8634],[-64.4761,-2.8131],[-64.4968,-2.7934],[-64.5059,-2.7387],[-64.4279,-2.7344],[-64.4168,-2.7181],[-64.3575,-2.7204],[-64.3377,-2.6927],[-64.3591,-2.6506],[-64.4254,-2.6392],[-64.4214,-2.6034],[-64.4347,-2.5521],[-64.465,-2.5224],[-64.4613,-2.4708],[-64.4903,-2.4603],[-64.4919,-2.4301],[-64.5181,-2.3773],[-64.5293,-2.3368],[-64.5164,-2.3113],[-64.4481,-2.324],[-64.4503,-2.2837],[-64.4172,-2.2844],[-64.3672,-2.2651],[-64.4076,-2.2079],[-64.4626,-2.1855],[-64.4965,-2.1806],[-64.5118,-2.2355],[-64.5335,-2.2453],[-64.6633,-2.2142],[-64.6659,-2.1947],[-64.7119,-2.1425],[-64.688,-2.0577],[-64.7044,-2.0196],[-64.7869,-2.0468],[-64.8029,-2.0733],[-64.867,-2.0804],[-64.8867,-2.1002],[-64.9307,-2.1101],[-64.9249,-2.0448],[-64.9496,-2.0003],[-64.9343,-1.8997],[-64.9736,-1.8871],[-65.0202,-1.9132],[-65.0581,-1.9697],[-65.0849,-1.9618],[-65.1364,-1.9747],[-65.1714,-1.9597],[-65.1831,-1.9371],[-65.1797,-1.8328],[-65.1935,-1.7982],[-65.2291,-1.7759],[-65.2909,-1.7858],[-65.3111,-1.7785],[-65.391,-1.7544],[-65.4205,-1.7355],[-65.4668,-1.744],[-65.496,-1.7984],[-65.5259,-1.7672],[-65.525,-1.6976],[-65.5598,-1.6601],[-65.6049,-1.6629],[-65.641,-1.6362],[-65.648,-1.6056],[-65.6395,-1.5567],[-65.6623,-1.5158],[-65.6866,-1.502],[-65.7591,-1.5031],[-65.8178,-1.4732],[-65.8605,-1.4716],[-65.8939,-1.4325],[-65.9422,-1.4125],[-66.0016,-1.4137],[-66.0014,-1.7031],[-66.0014,-2.1448],[-65.9575,-2.1638],[-65.9471,-2.2336],[-65.9339,-2.2578],[-65.9016,-2.2602],[-65.8973,-2.3052],[-65.8623,-2.288],[-65.8501,-2.2478],[-65.8103,-2.2674],[-65.8,-2.2525],[-65.7302,-2.264],[-65.6983,-2.2601],[-65.6635,-2.2756],[-65.6523,-2.2512],[-65.6161,-2.2375],[-65.5852,-2.255],[-65.6,-2.2793],[-65.5954,-2.3159],[-65.6158,-2.3595],[-65.5877,-2.3844],[-65.5551,-2.3578],[-65.5046,-2.3888],[-65.4851,-2.3551],[-65.5167,-2.3466],[-65.5141,-2.3208],[-65.4574,-2.33],[-65.475,-2.3661],[-65.4721,-2.4008],[-65.4268,-2.3925],[-65.4158,-2.3515],[-65.3713,-2.3391],[-65.3279,-2.3513],[-65.2802,-2.3167],[-65.2746,-2.3654],[-65.2554,-2.3826],[-65.2295,-2.388],[-65.2125,-2.3595],[-65.2195,-2.2906],[-65.1932,-2.2836],[-65.1884,-2.3158],[-65.139,-2.3374],[-65.1164,-2.395],[-65.0558,-2.507],[-64.9981,-2.5603],[-64.9808,-2.5956],[-65.0036,-2.7032],[-64.9813,-2.7228],[-64.8881,-2.7122],[-64.8664,-2.7354],[-64.8771,-2.8125],[-64.8925,-2.875],[-64.8106,-2.9472],[-64.8038,-3.0146],[-64.758,-3.0753],[-64.735,-3.0846],[-64.719,-3.1195],[-64.7825,-3.1384],[-64.785,-3.1588],[-64.7032,-3.2219],[-64.6746,-3.2637],[-64.6206,-3.2887],[-64.5439,-3.3118],[-64.5149,-3.336]]]},"properties":{"cd_geocmu":"1302801","nome":"Maraã","uf":"AM","hc-key":"br-am-1302801"}},{"type":"Feature","geometry":{"type":"Polygon","coordinates":[[[-56.1275,-2.034],[-56.2284,-2.0562],[-56.2562,-2.0883],[-56.2975,-2.1008],[-56.3168,-2.1401],[-56.3511,-2.1489],[-56.3678,-2.1371],[-56.4139,-2.1759],[-56.4442,-2.1539],[-56.4779,-2.1704],[-56.5271,-2.1392],[-56.5696,-2.1748],[-56.5856,-2.1765],[-56.6129,-2.2102],[-56.6354,-2.2036],[-56.6791,-2.2126],[-56.7078,-2.1839],[-56.761,-2.1741],[-56.7694,-2.1407],[-56.7328,-2.0917],[-56.7214,-2.0592],[-56.7479,-2.0115],[-56.7932,-2.021],[-56.859,-2.0159],[-56.8763,-1.9923],[-56.9237,-1.9643],[-56.9611,-1.953],[-56.9884,-1.9072],[-57.0284,-1.918],[-57.0676,-1.8545],[-57.0793,-1.8026],[-57.1103,-1.7923],[-57.125,-1.7681],[-57.1711,-1.7509],[-57.2022,-1.7131],[-57.2308,-1.7275],[-57.2923,-1.7083],[-57.3277,-1.7162],[-57.3534,-1.7368],[-57.3858,-1.6977],[-57.4435,-1.6646],[-57.4731,-1.6789],[-57.5441,-1.6111],[-57.6219,-1.5892],[-57.6888,-1.587],[-57.7177,-1.5033],[-57.758,-1.5022],[-57.7953,-1.4872],[-57.8247,-1.4378],[-57.8771,-1.4233],[-57.9115,-1.4047],[-57.9597,-1.3969],[-57.9565,-1.3783],[-57.9987,-1.3313],[-57.9707,-1.2278],[-57.9688,-1.1626],[-58.0013,-1.1481],[-58.0173,-1.1036],[-58.0587,-1.1065],[-58.0928,-1.1616],[-58.163,-1.2301],[-58.2576,-1.1308],[-58.3167,-1.1477],[-58.3484,-1.1129],[-58.3637,-1.0711],[-58.4284,-1.0246],[-58.4106,-0.9822],[-58.452,-0.9241],[-58.4342,-0.8922],[-58.4743,-0.8692],[-58.4985,-0.8357],[-58.536,-0.8222],[-58.609,-0.7616],[-58.6367,-0.7201],[-58.7065,-0.6796],[-58.7127,-0.6446],[-58.7363,-0.6194],[-58.7313,-0.5807],[-58.709,-0.5459],[-58.7112,-0.5185],[-58.7365,-0.4717],[-58.7253,-0.4383],[-58.7835,-0.389],[-58.8362,-0.3727],[-58.8695,-0.3475],[-58.876,-0.3114],[-58.8654,-0.2655],[-58.881,-0.1966],[-58.8653,-0.1689],[-58.8639,-0.078],[-58.8866,-0.0592],[-58.895,-0.011],[-58.8955,0.2635],[-59.1923,0.2635],[-59.1801,0.2255],[-59.1343,0.223],[-59.1268,0.1927],[-59.0923,0.1263],[-59.049,0.1271],[-59.0387,0.0477],[-59.0012,0.0427],[-58.9946,0.0171],[-58.9013,-0.0066],[-58.9126,-0.0558],[-58.8861,-0.0933],[-58.8891,-0.1608],[-58.9277,-0.1558],[-58.9329,-0.2207],[-58.9451,-0.2648],[-58.8957,-0.2941],[-58.9111,-0.3264],[-58.9426,-0.355],[-58.9461,-0.3891],[-58.9336,-0.4318],[-58.907,-0.4555],[-58.8814,-0.4574],[-58.8478,-0.4818],[-58.8353,-0.5477],[-58.8178,-0.5855],[-58.753,-0.6644],[-58.761,-0.7049],[-58.7391,-0.772],[-58.7336,-0.8135],[-58.6791,-0.8736],[-58.6672,-0.9046],[-58.6362,-0.9059],[-58.6003,-0.9393],[-58.608,-0.9975],[-58.5758,-1.0068],[-58.5504,-0.9921],[-58.5185,-1.0485],[-58.525,-1.0753],[-58.5025,-1.1666],[-58.435,-1.1857],[-58.3981,-1.1692],[-58.3689,-1.1928],[-58.3649,-1.2276],[-58.3761,-1.27],[-58.3339,-1.3198],[-58.3215,-1.349],[-58.2774,-1.379],[-58.2954,-1.4138],[-58.291,-1.4377],[-58.2656,-1.458],[-58.27,-1.4971],[-58.2267,-1.5569],[-58.1949,-1.5556],[-58.1402,-1.6187],[-58.107,-1.6175],[-58.0888,-1.6442],[-58.0521,-1.6549],[-58.053,-1.6755],[-58.0197,-1.6935],[-57.9953,-1.83],[-57.9755,-1.8366],[-57.987,-1.8952],[-57.9597,-1.9234],[-57.9511,-1.9847],[-57.9614,-2.0007],[-57.9405,-2.0359],[-57.908,-2.0584],[-57.8741,-2.0493],[-57.8571,-2.083],[-57.8308,-2.0864],[-57.8058,-2.1538],[-57.7529,-2.2098],[-57.7304,-2.2053],[-57.7065,-2.2283],[-57.6582,-2.2463],[-57.6514,-2.2774],[-57.6142,-2.2657],[-57.5607,-2.2872],[-57.5527,-2.3171],[-57.5272,-2.32],[-57.5081,-2.3483],[-57.4774,-2.3321],[-57.4248,-2.3415],[-57.4062,-2.3807],[-57.2634,-2.3498],[-57.2178,-2.3917],[-57.172,-2.3319],[-57.1033,-2.334],[-57.0504,-2.3617],[-57.0364,-2.3791],[-56.9694,-2.3808],[-56.9536,-2.3672],[-56.9275,-2.4124],[-56.8892,-2.4261],[-56.8816,-2.4037],[-56.8214,-2.4071],[-56.7712,-2.4191],[-56.7776,-2.3839],[-56.7173,-2.3719],[-56.6892,-2.379],[-56.6433,-2.357],[-56.618,-2.3183],[-56.5906,-2.325],[-56.5339,-2.2855],[-56.5402,-2.2617],[-56.515,-2.2422],[-56.4505,-2.2787],[-56.3892,-2.2785],[-56.3642,-2.2593],[-56.3072,-2.2425],[-56.2038,-2.1831],[-56.1694,-2.1455],[-56.0976,-2.0371],[-56.0954,-1.9997],[-56.1221,-2.032],[-56.1275,-2.034]]]},"properties":{"cd_geocmu":"1303007","nome":"Nhamundá","uf":"AM","hc-key":"br-am-1303007"}},{"type":"Feature","geometry":{"type":"Polygon","coordinates":[[[-61.8235,-3.6618],[-61.783,-3.6327],[-61.7397,-3.6458],[-61.6932,-3.6462],[-61.6527,-3.6757],[-61.6221,-3.6602],[-61.5867,-3.6585],[-61.5554,-3.6839],[-61.4792,-3.6849],[-61.4105,-3.6221],[-61.3664,-3.5992],[-61.2884,-3.6003],[-61.291,-3.5416],[-61.3024,-3.5004],[-61.3206,-3.4538],[-61.47,-3.4539],[-61.5179,-3.4167],[-61.5647,-3.4004],[-61.5825,-3.4055],[-61.6182,-3.3819],[-61.6494,-3.4203],[-61.6831,-3.4189],[-61.7668,-3.3572],[-61.7931,-3.3111],[-61.8377,-3.2825],[-61.9074,-3.2839],[-61.9361,-3.2953],[-61.9872,-3.3556],[-62.0215,-3.3696],[-62.0441,-3.3553],[-62.0452,-3.2727],[-62.088,-3.2781],[-62.0768,-3.3205],[-62.0873,-3.391],[-62.0698,-3.4328],[-62.0382,-3.4519],[-62.0264,-3.5045],[-62.0332,-3.572],[-62.0122,-3.5942],[-61.929,-3.6283],[-61.8964,-3.6603],[-61.8235,-3.6618]]]},"properties":{"cd_geocmu":"1300086","nome":"Anamã","uf":"AM","hc-key":"br-am-1300086"}},{"type":"Feature","geometry":{"type":"Polygon","coordinates":[[[-59.2342,-3.2396],[-59.152,-3.2799],[-59.1221,-3.2831],[-59.0104,-3.2441],[-58.9754,-3.2575],[-58.9407,-3.2952],[-58.9398,-3.3115],[-58.9064,-3.3588],[-58.8499,-3.4007],[-58.8257,-3.4011],[-58.7844,-3.3796],[-58.8004,-3.4448],[-58.8329,-3.4486],[-58.8914,-3.4978],[-58.9172,-3.5476],[-58.8997,-3.6181],[-58.8744,-3.6041],[-58.7893,-3.6142],[-58.7509,-3.5911],[-58.7043,-3.6158],[-58.7005,-3.6456],[-58.6793,-3.6648],[-58.655,-3.6572],[-58.647,-3.6292],[-58.6223,-3.6239],[-58.5835,-3.6455],[-58.5528,-3.6859],[-58.5178,-3.7126],[-58.51,-3.7533],[-58.4872,-3.7482],[-58.4465,-3.7055],[-58.4267,-3.7279],[-58.399,-3.6759],[-58.3747,-3.6499],[-58.3496,-3.5828],[-58.3838,-3.5619],[-58.3703,-3.5003],[-58.1814,-3.4966],[-58.174,-3.4146],[-58.1771,-3.3677],[-58.1506,-3.3451],[-58.1082,-3.3483],[-58.0705,-3.3064],[-58.0659,-3.2151],[-58.0817,-3.1881],[-58.1926,-3.1879],[-58.1738,-3.1243],[-58.169,-3.0536],[-58.1771,-3.0352],[-58.2453,-3.0828],[-58.3176,-3.1088],[-58.3759,-3.1446],[-58.3861,-3.0863],[-58.3718,-3.0667],[-58.4037,-3.0],[-58.4745,-2.977],[-58.503,-2.9975],[-58.5748,-3.0164],[-58.6173,-3.0367],[-58.6519,-3.0313],[-58.745,-2.9839],[-58.8149,-2.9351],[-58.8707,-2.9085],[-58.8647,-2.873],[-58.9017,-2.8102],[-58.905,-2.7779],[-58.9384,-2.7564],[-58.9645,-2.7794],[-58.9889,-2.7741],[-58.9875,-2.6938],[-59.0115,-2.7027],[-59.032,-2.674],[-59.0267,-2.6385],[-59.0484,-2.6238],[-59.0513,-2.587],[-59.0824,-2.5752],[-59.1233,-2.5357],[-59.1559,-2.5175],[-59.1664,-2.5393],[-59.2009,-2.5643],[-59.1924,-2.6066],[-59.2282,-2.6494],[-59.2288,-2.6975],[-59.2682,-2.7385],[-59.3073,-2.7622],[-59.3561,-2.8229],[-59.3783,-2.8673],[-59.4094,-2.8886],[-59.4306,-2.9272],[-59.5003,-2.9719],[-59.4553,-3.0297],[-59.4313,-3.0485],[-59.3739,-3.0716],[-59.3416,-3.1066],[-59.3045,-3.1319],[-59.2621,-3.129],[-59.1953,-3.1569],[-59.207,-3.1797],[-59.2418,-3.1621],[-59.3519,-3.1456],[-59.3586,-3.153],[-59.3837,-3.181],[-59.2342,-3.2396]]]},"properties":{"cd_geocmu":"1301902","nome":"Itacoatiara","uf":"AM","hc-key":"br-am-1301902"}}]}